date,strategy
2016-01-04,1.0
2016-01-05,1.0
2016-01-06,1.0
2016-01-07,1.0
2016-01-08,1.0
2016-01-11,1.0
2016-01-12,1.0
2016-01-13,1.0
2016-01-14,1.0
2016-01-15,1.0
2016-01-18,1.0
2016-01-19,1.0
2016-01-20,1.0
2016-01-21,1.0
2016-01-22,1.0
2016-01-25,1.0
2016-01-26,1.0
2016-01-27,1.0
2016-01-28,1.0
2016-01-29,1.0
2016-02-01,1.0
2016-02-02,1.0
2016-02-03,1.0
2016-02-04,1.0
2016-02-05,1.0
2016-02-15,1.0
2016-02-16,1.0
2016-02-17,1.0
2016-02-18,1.0
2016-02-19,1.0
2016-02-22,1.0
2016-02-23,1.0
2016-02-24,1.0
2016-02-25,1.0
2016-02-26,1.0
2016-02-29,1.0
2016-03-01,1.0
2016-03-02,1.0
2016-03-03,1.0
2016-03-04,1.0
2016-03-07,1.0
2016-03-08,1.0
2016-03-09,1.0
2016-03-10,1.0
2016-03-11,1.0
2016-03-14,1.0
2016-03-15,1.0
2016-03-16,1.0
2016-03-17,1.0
2016-03-18,1.0
2016-03-21,1.0
2016-03-22,1.0
2016-03-23,1.0
2016-03-24,1.0
2016-03-25,1.0
2016-03-28,1.0
2016-03-29,1.0
2016-03-30,1.0
2016-03-31,1.0
2016-04-01,1.0
2016-04-05,1.0
2016-04-06,1.0
2016-04-07,1.0
2016-04-08,1.0
2016-04-11,1.0
2016-04-12,1.0
2016-04-13,1.0
2016-04-14,1.0
2016-04-15,1.0
2016-04-18,1.0
2016-04-19,1.0
2016-04-20,1.0
2016-04-21,1.0
2016-04-22,1.0
2016-04-25,1.0
2016-04-26,1.0
2016-04-27,1.0
2016-04-28,1.0
2016-04-29,1.0
2016-05-03,1.0
2016-05-04,1.0
2016-05-05,1.0
2016-05-06,1.0
2016-05-09,1.0
2016-05-10,1.0
2016-05-11,1.0
2016-05-12,1.0
2016-05-13,1.0
2016-05-16,1.0
2016-05-17,1.0
2016-05-18,1.0
2016-05-19,1.0
2016-05-20,1.0
2016-05-23,1.0
2016-05-24,1.0
2016-05-25,1.0
2016-05-26,1.0
2016-05-27,1.0
2016-05-30,1.0
2016-05-31,1.0
2016-06-01,1.0
2016-06-02,1.0
2016-06-03,1.0
2016-06-06,1.0
2016-06-07,1.0
2016-06-08,1.0
2016-06-13,1.0
2016-06-14,1.0
2016-06-15,1.0
2016-06-16,1.0
2016-06-17,1.0
2016-06-20,1.0
2016-06-21,1.0
2016-06-22,1.0
2016-06-23,1.0
2016-06-24,1.0
2016-06-27,1.0
2016-06-28,1.0
2016-06-29,1.0
2016-06-30,1.0
2016-07-01,1.0
2016-07-04,1.0
2016-07-05,1.0
2016-07-06,1.0
2016-07-07,1.0
2016-07-08,1.0
2016-07-11,1.0
2016-07-12,1.0
2016-07-13,1.0
2016-07-14,1.0
2016-07-15,1.0
2016-07-18,1.0
2016-07-19,1.0
2016-07-20,1.0
2016-07-21,1.0
2016-07-22,1.0
2016-07-25,1.0
2016-07-26,1.0
2016-07-27,1.0
2016-07-28,1.0
2016-07-29,1.0
2016-08-01,1.0
2016-08-02,1.0
2016-08-03,1.0
2016-08-04,1.0
2016-08-05,1.0
2016-08-08,1.0
2016-08-09,1.0
2016-08-10,1.0
2016-08-11,1.0
2016-08-12,1.0
2016-08-15,1.0
2016-08-16,1.0
2016-08-17,1.0
2016-08-18,1.0
2016-08-19,1.0
2016-08-22,1.0
2016-08-23,1.0
2016-08-24,1.0
2016-08-25,1.0
2016-08-26,1.0
2016-08-29,1.0
2016-08-30,1.0
2016-08-31,1.0
2016-09-01,1.0
2016-09-02,1.0
2016-09-05,1.0
2016-09-06,1.0
2016-09-07,1.0
2016-09-08,1.0
2016-09-09,1.0
2016-09-12,1.0
2016-09-13,1.0
2016-09-14,1.0
2016-09-19,1.0
2016-09-20,1.0
2016-09-21,1.0
2016-09-22,1.0
2016-09-23,1.0
2016-09-26,1.0
2016-09-27,1.0
2016-09-28,1.0
2016-09-29,1.0
2016-09-30,1.0
2016-10-10,1.0
2016-10-11,1.0
2016-10-12,1.0
2016-10-13,1.0
2016-10-14,1.0
2016-10-17,1.0
2016-10-18,1.0
2016-10-19,1.0
2016-10-20,1.0
2016-10-21,1.0
2016-10-24,1.0
2016-10-25,1.0
2016-10-26,1.0
2016-10-27,1.0
2016-10-28,1.0
2016-10-31,1.0
2016-11-01,1.0129452736797402
2016-11-02,0.996619999125822
2016-11-03,1.0001902484851026
2016-11-04,0.9874496944806881
2016-11-07,0.9861230702667838
2016-11-08,1.0019371278762967
2016-11-09,0.99376385870448
2016-11-10,1.0038440763511811
2016-11-11,0.9979091163773118
2016-11-14,0.9913979667682408
2016-11-15,1.0037442546716842
2016-11-16,0.9949301185042815
2016-11-17,0.989120673955815
2016-11-18,0.9839872407220475
2016-11-21,0.9830412974101295
2016-11-22,0.9855090783387547
2016-11-23,0.9998937367507394
2016-11-24,1.00181988170245
2016-11-25,0.9991719492220702
2016-11-28,1.001955438361885
2016-11-29,1.0209823955312967
2016-11-30,1.00333876601503
2016-12-01,1.004051693631318
2016-12-02,0.9941699380219596
2016-12-05,0.9884251708338773
2016-12-06,1.0039438980306779
2016-12-07,1.004755170674399
2016-12-08,1.0215349587334817
2016-12-09,1.0230810134440311
2016-12-12,0.9869756891682846
2016-12-13,1.016023502571442
2016-12-14,1.0101913175811967
2016-12-15,1.0012070710960717
2016-12-16,0.9993772038589054
2016-12-19,1.0092202711841982
2016-12-20,0.9989793937929817
2016-12-21,1.0028556054598325
2016-12-22,0.9911826708973733
2016-12-23,0.9738612468613761
2016-12-26,0.9772353968266158
2016-12-27,0.9777291892766709
2016-12-28,0.9741512613266597
2016-12-29,0.9771896206126452
2016-12-30,0.9981143710141469
2017-01-03,1.0010611778721916
2017-01-04,1.0320747105023629
2017-01-05,1.0276344177472314
2017-01-06,1.0287043998324887
2017-01-09,1.027848532296448
2017-01-10,1.0264220864030469
2017-01-11,1.010729114262746
2017-01-12,1.0036329151060916
2017-01-13,0.998550869364136
2017-01-16,0.990711618889097
2017-01-17,1.0045032538323553
2017-01-18,1.021566263757229
2017-01-19,1.0127813653006847
2017-01-20,1.0170234913488863
2017-01-23,1.0196808744024728
2017-01-24,1.0212399236511818
2017-01-25,1.0175604020391975
2017-01-26,1.0114497204697643
2017-02-03,1.005120789725337
2017-02-06,1.0099606645288683
2017-02-07,1.0087882027904
2017-02-08,1.0148852991608484
2017-02-09,1.0298369919652408
2017-02-10,1.0360350913368368
2017-02-13,1.0696687953885928
2017-02-14,1.0764935858959646
2017-02-15,1.0682736545189393
2017-02-16,1.0695155189043952
2017-02-17,1.07946549583909
2017-02-20,1.123574569629756
2017-02-21,1.1207077973135566
2017-02-22,1.1405495710916418
2017-02-23,1.127817286338783
2017-02-24,1.1271315291204647
2017-02-27,1.0995828128922358
2017-02-28,1.10301189431424
2017-03-01,1.1134733835237527
2017-03-02,1.1182471043148365
2017-03-03,1.1243297294950618
2017-03-06,1.1310827547121445
2017-03-07,1.1563287797124546
2017-03-08,1.1498504117791946
2017-03-09,1.1419653850901852
2017-03-10,1.1448755709770535
2017-03-13,1.1656275530871183
2017-03-14,1.155819925411351
2017-03-15,1.160080952605966
2017-03-16,1.1561645760029864
2017-03-17,1.1561630993509229
2017-03-20,1.16472620466752
2017-03-21,1.2091019618208656
2017-03-22,1.2135776942255225
2017-03-23,1.1978646396171573
2017-03-24,1.1923472768468637
2017-03-27,1.1689293471012434
2017-03-28,1.170003168481866
2017-03-29,1.178769461122409
2017-03-30,1.168136089612698
2017-03-31,1.1710796478362027
2017-04-05,1.181764406837726
2017-04-06,1.1807605787649165
2017-04-07,1.1732042548252561
2017-04-10,1.1422486069559763
2017-04-11,1.1382894074431533
2017-04-12,1.1534327696853963
2017-04-13,1.1723537032366442
2017-04-14,1.1580703431562198
2017-04-17,1.1666966491811375
2017-04-18,1.1953168241466872
2017-04-19,1.1964635921392495
2017-04-20,1.2357422416995911
2017-04-21,1.2132900424035407
2017-04-24,1.1852304045613193
2017-04-25,1.225102668251213
2017-04-26,1.2128116071349466
2017-04-27,1.2182137910442825
2017-04-28,1.1795148750840954
2017-05-02,1.1647279766499963
2017-05-03,1.174703647330597
2017-05-04,1.1700253182628193
2017-05-05,1.1623298936987714
2017-05-08,1.1370330718674746
2017-05-09,1.1495462214541006
2017-05-10,1.145586726610865
2017-05-11,1.155122650306937
2017-05-12,1.1558535930784004
2017-05-15,1.1737299429598842
2017-05-16,1.2101370949174228
2017-05-17,1.1906807273279274
2017-05-18,1.1882241689549853
2017-05-19,1.1980873187483425
2017-05-22,1.194355523653308
2017-05-23,1.2226629437117953
2017-05-24,1.2131267246853108
2017-05-25,1.2128898696943153
2017-05-26,1.2157315389254346
2017-05-31,1.211443046002437
2017-06-01,1.2135141981867894
2017-06-02,1.2065225459962352
2017-06-05,1.1941118760628204
2017-06-06,1.2139574891362708
2017-06-07,1.250412189290256
2017-06-08,1.2613775121838562
2017-06-09,1.2714084096516343
2017-06-12,1.3026260155969898
2017-06-13,1.2994952178918253
2017-06-14,1.2892002950350823
2017-06-15,1.2644557410755581
2017-06-16,1.2556235897529797
2017-06-19,1.2599723300801704
2017-06-20,1.2557343386577469
2017-06-21,1.283127711088889
2017-06-22,1.2770335680225682
2017-06-23,1.2809437426868808
2017-06-26,1.3185124291576173
2017-06-27,1.3172493009824462
2017-06-28,1.2940259939788035
2017-06-29,1.2926568421854687
2017-06-30,1.2962867482881175
2017-07-03,1.2728608446213538
2017-07-04,1.2548350575510376
2017-07-05,1.2686916651850926
2017-07-06,1.262283585890058
2017-07-07,1.2491703249048003
2017-07-10,1.2585854584620728
2017-07-11,1.2711954764240687
2017-07-12,1.25409820817132
2017-07-13,1.2600062930776323
2017-07-14,1.2725058574652737
2017-07-17,1.2405062165870555
2017-07-18,1.2498708486437542
2017-07-19,1.2707563201003653
2017-07-20,1.2942590096744337
2017-07-21,1.31407804301074
2017-07-24,1.3333229540247336
2017-07-25,1.3275637156464282
2017-07-26,1.311813744736474
2017-07-27,1.322946519974082
2017-07-28,1.3834062667341596
2017-07-31,1.40089898240953
2017-08-01,1.4056446468114063
2017-08-02,1.3873344565536476
2017-08-03,1.3704371269903057
2017-08-04,1.3575004735918499
2017-08-07,1.4100114022937724
2017-08-08,1.4043135926413113
2017-08-09,1.4536319995818123
2017-08-10,1.4664088792269905
2017-08-11,1.428548701638907
2017-08-14,1.450263460894414
2017-08-15,1.448977887607877
2017-08-16,1.4418548133836655
2017-08-17,1.424813067248507
2017-08-18,1.4181545477634923
2017-08-21,1.4099857085478664
2017-08-22,1.380296142157885
2017-08-23,1.3984424240365878
2017-08-24,1.3725682312484384
2017-08-25,1.3870267222636015
2017-08-28,1.404904253466736
2017-08-29,1.41139827391187
2017-08-30,1.423663936612643
2017-08-31,1.413913603036942
2017-09-01,1.4188772212833998
2017-09-04,1.3999093301965306
2017-09-05,1.4010011667323286
2017-09-06,1.3886309570654554
2017-09-07,1.3796210168344243
2017-09-08,1.3554910454637545
2017-09-11,1.3707729176695596
2017-09-12,1.4095179051741298
2017-09-13,1.4415526903714606
2017-09-14,1.4398698976798254
2017-09-15,1.4316121640099728
2017-09-18,1.474979958464731
2017-09-19,1.463641633259875
2017-09-20,1.4817737392787678
2017-09-21,1.4703474056109234
2017-09-22,1.4753275623604933
2017-09-25,1.5086688893036642
2017-09-26,1.502544917865659
2017-09-27,1.4956530873546017
2017-09-28,1.5363519808696773
2017-09-29,1.5210541608215857
2017-10-09,1.530889549556148
2017-10-10,1.5557932866081243
2017-10-11,1.604257302664648
2017-10-12,1.590986630569415
2017-10-13,1.592584663432602
2017-10-16,1.5568027259587753
2017-10-17,1.5566580140565465
2017-10-18,1.5860746951451814
2017-10-19,1.6247479173594628
2017-10-20,1.5983967659547824
2017-10-23,1.6113948480790825
2017-10-24,1.618418100623797
2017-10-25,1.6010160513851293
2017-10-26,1.6373248583152347
2017-10-27,1.6856754674932768
2017-10-30,1.670182729372795
2017-10-31,1.6675891376883545
2017-11-01,1.6813914045264702
2017-11-02,1.698053060420468
2017-11-03,1.7088648114994573
2017-11-06,1.7679982293760437
2017-11-07,1.7554579093914482
2017-11-08,1.7475548675472632
2017-11-09,1.7579791451247744
2017-11-10,1.8101489672000137
2017-11-13,1.8004523837594264
2017-11-14,1.7531649640671487
2017-11-15,1.7920596840909642
2017-11-16,1.8443550215916067
2017-11-17,1.788215958769512
2017-11-20,1.7606707865062354
2017-11-21,1.798889495215352
2017-11-22,1.735530785124089
2017-11-23,1.6473861748155219
2017-11-24,1.6468516267685125
2017-11-27,1.623836527705832
2017-11-28,1.6507180925317437
2017-11-29,1.615290846883585
2017-11-30,1.59528250675273
2017-12-01,1.5972101283565039
2017-12-04,1.652681449115456
2017-12-05,1.6467125261441249
2017-12-06,1.6375292269608317
2017-12-07,1.6064705087775153
2017-12-08,1.639559328217817
2017-12-11,1.698449393834328
2017-12-12,1.6939134140254777
2017-12-13,1.7407371649697967
2017-12-14,1.736664853908905
2017-12-15,1.7148945725358073
2017-12-18,1.7507072243725559
2017-12-19,1.7683989927460944
2017-12-20,1.8054877672961736
2017-12-21,1.8029225273313532
2017-12-22,1.769491124612305
2017-12-25,1.7687525032501112
2017-12-26,1.7522196114160562
2017-12-27,1.7173387270314155
2017-12-28,1.791895775711909
2017-12-29,1.7697548546708572
2018-01-02,1.7742370843445938
2018-01-03,1.780534710065274
2018-01-04,1.833358393674259
2018-01-05,1.8274376095601998
2018-01-08,1.8361566493347092
2018-01-09,1.8947487265647935
2018-01-10,1.9332134455076997
2018-01-11,1.9090058022384864
2018-01-12,1.9399688333680838
2018-01-15,1.9521373323630746
2018-01-16,1.9722700065976815
2018-01-17,1.903997589099709
2018-01-18,1.9348528246286665
2018-01-19,1.9048794457120684
2018-01-22,1.9750954326561014
2018-01-23,1.9735774343347594
2018-01-24,1.9389198197421293
2018-01-25,1.921172529251001
2018-01-26,1.9329842691074348
2018-01-29,1.844145041668168
2018-01-30,1.8300887906751193
2018-01-31,1.8618040283658954
2018-02-01,1.812429508646979
2018-02-02,1.7956547412049129
2018-02-05,1.7026268425221456
2018-02-06,1.6786052574129413
2018-02-07,1.6159774900931414
2018-02-08,1.6591001603053481
2018-02-09,1.6306666341606328
2018-02-12,1.6883059754793066
2018-02-13,1.6894574687584722
2018-02-14,1.711868321796743
2018-02-22,1.7741895361481472
2018-02-23,1.7657853185935894
2018-02-26,1.759390529167127
2018-02-27,1.7345420189023277
2018-02-28,1.6810390753441045
2018-03-01,1.7065234319874734
2018-03-02,1.6909899382700373
2018-03-05,1.6589285733355623
2018-03-06,1.6708891597200033
2018-03-07,1.6703938906178846
2018-03-08,1.7109149952245073
2018-03-09,1.723943791711729
2018-03-12,1.7095706511858402
2018-03-13,1.6811173379034732
2018-03-14,1.7070346489318786
2018-03-15,1.7467143571926838
2018-03-16,1.7281770578475495
2018-03-19,1.7380068353042701
2018-03-20,1.715996154975225
2018-03-21,1.7090095234016867
2018-03-22,1.6632406926915764
2018-03-23,1.6180737453625742
2018-03-26,1.6164169417472576
2018-03-27,1.611328694066635
2018-03-28,1.5382022259053205
2018-03-29,1.5789945836117547
2018-03-30,1.5790530047917108
2018-04-02,1.57693242315413
2018-04-03,1.5845971211721321
2018-04-04,1.6301143220151324
2018-04-09,1.613030682658061
2018-04-10,1.6235514528108437
2018-04-11,1.631034321605909
2018-04-12,1.614498179820628
2018-04-13,1.597425795920245
2018-04-16,1.5963596093860462
2018-04-17,1.5694090883123974
2018-04-18,1.5654107213172368
2018-04-19,1.6057777467639236
2018-04-20,1.5864517256486743
2018-04-23,1.5845767541552667
2018-04-24,1.6265550518243665
2018-04-25,1.6300244123551542
2018-04-26,1.5934873240338925
2018-04-27,1.5635171247228798
2018-05-02,1.5748756224377856
2018-05-03,1.5965372848094908
2018-05-04,1.5939891298112678
2018-05-07,1.6585087573897144
2018-05-08,1.6724067005232626
2018-05-09,1.6695443306924773
2018-05-10,1.6878688841494882
2018-05-11,1.6758197837706061
2018-05-14,1.7079191403052483
2018-05-15,1.7184344167232186
2018-05-16,1.72190002543511
2018-05-17,1.6966553760174732
2018-05-18,1.709183101292693
2018-05-21,1.7015845960795033
2018-05-22,1.7151912372744629
2018-05-23,1.6813180743630802
2018-05-24,1.6628971795565546
2018-05-25,1.672944550560748
2018-05-28,1.7225228273718896
2018-05-29,1.7119239389899454
2018-05-30,1.717827158036152
2018-05-31,1.7808736607236872
2018-06-01,1.7484147995426638
2018-06-04,1.7849810984539036
2018-06-05,1.8009827400399994
2018-06-06,1.794271539995776
2018-06-07,1.7773295318020386
2018-06-08,1.7610565533136238
2018-06-11,1.748941662110525
2018-06-12,1.8119274657280602
2018-06-13,1.7883630952018212
2018-06-14,1.763395946388976
2018-06-15,1.740853812518437
2018-06-19,1.6700603397842457
2018-06-20,1.7125275798516477
2018-06-21,1.6942333089328712
2018-06-22,1.6988385326345026
2018-06-25,1.7035961069820287
2018-06-26,1.6898120583506886
2018-06-27,1.622161939883906
2018-06-28,1.5738418401089749
2018-06-29,1.6205137884558272
2018-07-02,1.6055327749302017
2018-07-03,1.5505441406196496
2018-07-04,1.536428588207541
2018-07-05,1.52934701622749
2018-07-06,1.532531872836091
2018-07-09,1.5829136956622694
2018-07-10,1.5839123627487426
2018-07-11,1.562000357908147
2018-07-12,1.6096253962505365
2018-07-13,1.6564907324749507
2018-07-16,1.6529271579394573
2018-07-17,1.6272173979303826
2018-07-18,1.6021003919106065
2018-07-19,1.590021707391206
2018-07-20,1.5909093275323605
2018-07-23,1.5603512729990918
2018-07-24,1.621134996651069
2018-07-25,1.6113583329346282
2018-07-26,1.5866525279618036
2018-07-27,1.6048365282095518
2018-07-30,1.5730380717428576
2018-07-31,1.5816181479668827
2018-08-01,1.5459761074336416
2018-08-02,1.4850760488865684
2018-08-03,1.506509524937876
2018-08-06,1.5455787046961458
2018-08-07,1.537206737605088
2018-08-08,1.5120908363319143
2018-08-09,1.4925562464527795
2018-08-10,1.486974935058741
2018-08-13,1.4841842793617215
2018-08-14,1.4953469021497987
2018-08-15,1.5120908363319143
2018-08-16,1.4841842793617215
2018-08-17,1.48976559075576
2018-08-20,1.4813936236647023
2018-08-21,1.4730216565736445
2018-08-22,1.4702310008766253
2018-08-23,1.486974935058741
2018-08-24,1.486974935058741
2018-08-27,1.4953469021497987
2018-08-28,1.5093001806348951
2018-08-29,1.5120908363319143
2018-08-30,1.5344160819080686
2018-08-31,1.5288347705140302
2018-09-03,1.5288347705140302
2018-09-04,1.537206737605088
2018-09-05,1.5232534591199915
2018-09-06,1.498137557846818
2018-09-07,1.4841842793617215
2018-09-10,1.4953469021497987
2018-09-11,1.5037188692408565
2018-09-12,1.517672147725953
2018-09-13,1.5037188692408565
2018-09-14,1.517672147725953
2018-09-17,1.5120908363319143
2018-09-18,1.4925562464527795
2018-09-19,1.5037188692408565
2018-09-20,1.5009282135438373
2018-09-21,1.517672147725953
2018-09-25,1.5120908363319143
2018-09-26,1.5204628034229724
2018-09-27,1.517672147725953
2018-09-28,1.537206737605088
2018-10-08,1.4925562464527795
2018-10-09,1.4925562464527795
2018-10-10,1.498137557846818
2018-10-11,1.4004646084511432
2018-10-12,1.4311618211183552
2018-10-15,1.4255805097243166
2018-10-16,1.428371165421336
2018-10-17,1.4758123122706637
2018-10-18,1.4618590337855673
2018-10-19,1.4506964109974902
2018-10-22,1.4423244439064324
2018-10-23,1.4199991983302782
2018-10-24,1.428371165421336
2018-10-25,1.3809300185720081
2018-10-26,1.389301985663066
2018-10-29,1.3865113299660468
2018-10-30,1.3669767400869117
2018-10-31,1.3865113299660468
2018-11-01,1.4032552641481624
2018-11-02,1.4199991983302782
2018-11-05,1.3976739527541238
2018-11-06,1.3948832970571046
2018-11-07,1.4116272312392202
2018-11-08,1.4451150996034516
2018-11-09,1.4367431325123938
2018-11-12,1.4339524768153744
2018-11-13,1.389301985663066
2018-11-14,1.3865113299660468
2018-11-15,1.3753487071779695
2018-11-16,1.3809300185720081
2018-11-19,1.3865113299660468
2018-11-20,1.3362795274196997
2018-11-21,1.3163497806938667
2018-11-22,1.3164375856168988
2018-11-23,1.317885715188619
2018-11-26,1.3159548757596584
2018-11-27,1.3135413264734577
2018-11-28,1.307748808186576
2018-11-29,1.317885715188619
2018-11-30,1.3183684250458594
2018-12-03,1.3125759067589775
2018-12-04,1.3125759067589775
2018-12-05,1.3149894560451783
2018-12-06,1.3198165546175795
2018-12-07,1.3212646841893
2018-12-10,1.3352632700492642
2018-12-11,1.3333324306203036
2018-12-12,1.3270572024761818
2018-12-13,1.3260917827617016
2018-12-14,1.324643653189981
2018-12-17,1.3251263630472212
2018-12-18,1.3323670109058234
2018-12-19,1.3367113996209845
2018-12-20,1.3367113996209845
2018-12-21,1.345400177051307
2018-12-24,1.3502272756237086
2018-12-25,1.3608468924829915
2018-12-26,1.3603641826257515
2018-12-27,1.3555370840533503
2018-12-28,1.3637431516264327
2019-01-02,1.3690529600560741
2019-01-03,1.3840169656305183
2019-01-04,1.3767763177719166
2019-01-07,1.3709837994850347
2019-01-08,1.3647085713409128
2019-01-09,1.3593987629112714
2019-01-10,1.362295022054712
2019-01-11,1.3536062446243897
2019-01-14,1.3545716643388699
2019-01-15,1.3516754051954292
2019-01-16,1.3526408249099093
2019-01-17,1.3560197939105902
2019-01-18,1.3565025037678304
2019-01-21,1.3511926953381888
2019-01-22,1.3507099854809486
2019-01-23,1.3521581150526691
2019-01-24,1.3511926953381888
2019-01-25,1.3497445657664684
2019-01-28,1.362295022054712
2019-01-29,1.3671221206271136
2019-01-30,1.3714665093422749
2019-01-31,1.3690529600560741
2019-02-01,1.3762936079146761
2019-02-11,1.3705010896277945
2019-02-12,1.3758108980574362
2019-02-13,1.3738800586284754
2019-02-14,1.3719492191995148
2019-02-15,1.3806379966298377
2019-02-18,1.3878786444884397
2019-02-19,1.38884406420292
2019-02-20,1.3984982613477228
2019-02-21,1.3898094839174002
2019-02-22,1.3801552867725972
2019-02-25,1.379189867058117
2019-02-26,1.3782244473436367
2019-02-27,1.3767763177719166
2019-02-28,1.3671221206271136
2019-03-01,1.3637431516264327
2019-03-04,1.3434693376223465
2019-03-05,1.3367113996209845
2019-03-06,1.3434693376223465
2019-03-07,1.338159529192705
2019-03-08,1.3507099854809486
2019-03-11,1.3550543741961099
2019-03-12,1.3550543741961099
2019-03-13,1.3608468924829915
2019-03-14,1.358433343196791
2019-03-15,1.3565025037678304
2019-03-18,1.3545716643388699
2019-03-19,1.362295022054712
2019-03-20,1.3603641826257515
2019-03-21,1.3700183797705543
2019-03-22,1.3671221206271136
2019-03-25,1.3748454783429558
2019-03-26,1.375328188200196
2019-03-27,1.3743627684857156
2019-03-28,1.3714665093422749
2019-03-29,1.345400177051307
2019-04-01,1.345400177051307
2019-04-02,1.3473310164802677
2019-04-03,1.3497445657664684
2019-04-04,1.3502272756237086
2019-04-08,1.3560197939105902
2019-04-09,1.3565025037678304
2019-04-10,1.3632604417691925
2019-04-11,1.3647085713409128
2019-04-12,1.3511926953381888
2019-04-15,1.3439520474795867
2019-04-16,1.3439520474795867
2019-04-17,1.3362286897637445
2019-04-18,1.327539912333422
2019-04-19,1.3328497207630634
2019-04-22,1.3376768193354647
2019-04-23,1.3304361714768629
2019-04-24,1.3289880419051423
2019-04-25,1.3352632700492642
2019-04-26,1.338159529192705
2019-04-29,1.3362286897637445
2019-04-30,1.3400903686216656
2019-05-06,1.3478137263375078
2019-05-07,1.344917467194067
2019-05-08,1.3531235347671493
2019-05-09,1.3540889544816297
2019-05-10,1.3550543741961099
2019-05-13,1.3637431516264327
2019-05-14,1.379189867058117
2019-05-15,1.372431929056755
2019-05-16,1.379189867058117
2019-05-17,1.3772590276291565
2019-05-20,1.3680875403415937
2019-05-21,1.3676048304843538
2019-05-22,1.3676048304843538
2019-05-23,1.3709837994850347
2019-05-24,1.3782244473436367
2019-05-27,1.379189867058117
2019-05-28,1.3772590276291565
2019-05-29,1.3806379966298377
2019-05-30,1.3738800586284754
2019-05-31,1.38884406420292
2019-06-03,1.406221619063565
2019-06-04,1.4207029147807693
2019-06-05,1.429874402068332
2019-06-06,1.4293916922110919
2019-06-10,1.4250473034959306
2019-06-11,1.4173239457800881
2019-06-12,1.4342187907834931
2019-06-13,1.4366323400696939
2019-06-14,1.4583542836455001
2019-06-17,1.4395285992131348
2019-06-18,1.4496655062151778
2019-06-19,1.4424248583565755
2019-06-20,1.4738009990771848
2019-06-21,1.4858687455081885
2019-06-24,1.4964883623674716
2019-06-25,1.5278645030880806
2019-06-26,1.4998673313681525
2019-06-27,1.4960056525102314
2019-06-28,1.5003500412253927
2019-07-01,1.464146801932382
2019-07-02,1.4795935173640664
2019-07-03,1.5211065650867188
2019-07-04,1.5051771397977942
2019-07-05,1.508073398941235
2019-07-08,1.5003500412253927
2019-07-09,1.4868341652226686
2019-07-10,1.4858687455081885
2019-07-11,1.511452367941916
2019-07-12,1.5013154609398731
2019-07-15,1.5071079792267548
2019-07-16,1.5056598496550342
2019-07-17,1.497453782081952
2019-07-18,1.5129004975136362
2019-07-19,1.5331743115177223
2019-07-22,1.521589274943959
2019-07-23,1.5104869482274357
2019-07-24,1.5167621763715573
2019-07-25,1.5186930158005179
2019-07-26,1.5124177876563962
2019-07-29,1.5148313369425968
2019-07-30,1.5211065650867188
2019-07-31,1.5268990833736005
2019-08-01,1.501798170797113
2019-08-02,1.5365532805184035
2019-08-05,1.5872378155286182
2019-08-06,1.590616784529299
2019-08-07,1.6229583449643887
2019-08-08,1.634060671680912
2019-08-09,1.6422667392539945
2019-08-12,1.6321298322519515
2019-08-13,1.6721947504028831
2019-08-14,1.6292335731085106
2019-08-15,1.647576547683636
2019-08-16,1.6499900969698367
2019-08-19,1.6417840293967543
2019-08-20,1.6350260913953922
2019-08-21,1.6364742209671126
2019-08-22,1.641301319539514
2019-08-23,1.6398531899677937
2019-08-26,1.6987437925510909
2019-08-27,1.699709212265571
2019-08-28,1.7006746319800514
2019-08-29,1.7204657361268973
2019-08-30,1.6929512742642092
2019-09-02,1.6871587559773276
2019-09-03,1.6943994038359298
2019-09-04,1.7006746319800514
2019-09-05,1.7079152798386537
2019-09-06,1.654817195542238
2019-09-09,1.66109242368636
2019-09-10,1.6355088012526322
2019-09-11,1.6427494491112344
2019-09-12,1.6427494491112344
2019-09-16,1.644197578682955
2019-09-17,1.6379223505388332
2019-09-18,1.644197578682955
2019-09-19,1.641301319539514
2019-09-20,1.6466111279691555
2019-09-23,1.6606097138291196
2019-09-24,1.6697812011166824
2019-09-25,1.6794353982614854
2019-09-26,1.657230744828439
2019-09-27,1.6427494491112344
2019-09-30,1.6388877702533133
2019-10-08,1.6359915111098726
2019-10-09,1.6601270039718796
2019-10-10,1.651438226541557
2019-10-11,1.6432321589684746
2019-10-14,1.6195793759637076
2019-10-15,1.6229583449643887
2019-10-16,1.6166831168202669
2019-10-17,1.6282681533940302
2019-10-18,1.6268200238223098
2019-10-21,1.6258546041078297
2019-10-22,1.6195793759637076
2019-10-23,1.6268200238223098
2019-10-24,1.6234410548216287
2019-10-25,1.6398531899677937
2019-10-28,1.6384050603960731
2019-10-29,1.6215102153926682
2019-10-30,1.6195793759637076
2019-10-31,1.6229583449643887
2019-11-01,1.634543381538152
2019-11-04,1.6326125421091915
2019-11-05,1.6224756351071485
2019-11-06,1.5988228521023817
2019-11-07,1.607511629532704
2019-11-08,1.5775836183838154
2019-11-11,1.5761354888120949
2019-11-12,1.5602060635231703
2019-11-13,1.576618198669335
2019-11-14,1.5809625873844964
2019-11-15,1.577100908526575
2019-11-18,1.5775836183838154
2019-11-19,1.5877205253858584
2019-11-20,1.5930303338155
2019-11-21,1.589651364814819
2019-11-22,1.5862723958141378
2019-11-25,1.5751700690976145
2019-11-26,1.5746873592403745
2019-11-27,1.577100908526575
2019-11-28,1.5737219395258943
2019-11-29,1.575652778954855
2019-12-02,1.5775836183838154
2019-12-03,1.5814452972417365
2019-12-04,1.610407888676145
2019-12-05,1.6026845309603028
2019-12-06,1.5910994943865393
2019-12-09,1.5804798775272562
2019-12-10,1.582893426813457
2019-12-11,1.5838588465279373
2019-12-12,1.5925476239582597
2019-12-13,1.5737219395258943
2019-12-16,1.589651364814819
2019-12-17,1.5886859451003386
2019-12-18,1.590134074672059
2019-12-19,1.5886859451003386
2019-12-20,1.59351304367274
2019-12-23,1.5988228521023817
2019-12-24,1.607511629532704
2019-12-25,1.617648536534747
2019-12-26,1.6181312463919875
2019-12-27,1.6229583449643887
2019-12-30,1.6219929252499086
2019-12-31,1.6330952519664317
2020-01-02,1.6263373139650696
2020-01-03,1.651438226541557
2020-01-06,1.6876414658345675
2020-01-07,1.6726774602601233
2020-01-08,1.7040536009807326
2020-01-09,1.644680288540195
2020-01-10,1.6495073871125965
2020-01-13,1.6495073871125965
2020-01-14,1.6282681533940302
2020-01-15,1.6422667392539945
2020-01-16,1.6437148688257148
2020-01-17,1.6427494491112344
2020-01-20,1.6432321589684746
2020-01-21,1.658678874400159
2020-01-22,1.644197578682955
2020-01-23,1.6552999053994784
2020-02-03,1.6987437925510909
2020-02-04,1.685227916548367
2020-02-05,1.6741255898318437
2020-02-06,1.6659195222587613
2020-02-07,1.6736428799746035
2020-02-10,1.6799181081187253
2020-02-11,1.675573719403564
2020-02-12,1.6721947504028831
2020-02-13,1.6842624968338868
2020-02-14,1.6861933362628474
2020-02-17,1.6915031446924889
2020-02-18,1.699709212265571
2020-02-19,1.7190176065551768
2020-02-20,1.7248101248420584
2020-02-21,1.7595652345633488
2020-02-24,1.79769931328532
2020-02-25,1.7605306542778292
2020-02-26,1.770184851422632
2020-02-27,1.7706675612798721
2020-02-28,1.7484629078468257
2020-03-02,1.709363409410374
2020-03-03,1.7064671502669333
2020-03-04,1.743153099417184
2020-03-05,1.742670389559944
2020-03-06,1.7788736288529545
2020-03-09,1.7658404627074706
2020-03-10,1.743153099417184
2020-03-11,1.7605306542778292
2020-03-12,1.7412222599882234
2020-03-13,1.6900550151207683
2020-03-16,1.647576547683636
2020-03-17,1.5708256803824534
2020-03-18,1.5969936645377418
2020-03-19,1.5784479863732925
2020-03-20,1.6240118710938098
2020-03-23,1.5928803708028627
2020-03-24,1.6377106039671725
2020-03-25,1.6934286561810288
2020-03-26,1.7254795872763988
2020-03-27,1.7141828292771972
2020-03-30,1.6900995498082185
2020-03-31,1.7103578302824238
2020-04-01,1.6848499223815356
2020-04-02,1.7114837359507955
2020-04-03,1.7287076220374857
2020-04-07,1.7775345155053688
2020-04-08,1.7743181922167512
2020-04-09,1.8246454376097716
2020-04-10,1.8011958611031853
2020-04-13,1.8132923682840387
2020-04-14,1.8494973426212367
2020-04-15,1.8473969782709485
2020-04-16,1.86518060856923
2020-04-17,1.8475187454984057
2020-04-20,1.8702741365066957
2020-04-21,1.8498854255240285
2020-04-22,1.8785990682589724
2020-04-23,1.8833011442399223
2020-04-24,1.8432687644410053
2020-04-27,1.8659697692963204
2020-04-28,1.8654722723630601
2020-04-29,1.8426360240653912
2020-04-30,1.835981180373495
2020-05-06,1.873535701373894
2020-05-07,1.8799948190875326
2020-05-08,1.8949734715137976
2020-05-11,1.8744458271727928
2020-05-12,1.8971887045529647
2020-05-13,1.9243604437001745
2020-05-14,1.90630392005024
2020-05-15,1.8927121947404004
2020-05-18,1.9172024879854777
2020-05-19,1.9326499201727831
2020-05-20,1.9051196174506506
2020-05-21,1.9149999290055582
2020-05-22,1.8642714453571092
2020-05-25,1.8865989665424374
2020-05-26,1.9276834536900553
2020-05-27,1.890848305875319
2020-05-28,1.868133343511718
2020-05-29,1.9025644308476073
2020-06-01,1.9389816555694244
2020-06-02,1.9143373484398163
2020-06-03,1.9297182017082883
2020-06-04,1.9414803704148063
2020-06-05,1.9511928710080273
2020-06-08,1.9341462613196774
2020-06-09,1.9712912016459023
2020-06-10,2.0035441155335896
2020-06-11,1.9850027690096426
2020-06-12,2.009112519615025
2020-06-15,2.030161565127618
2020-06-16,2.0706149162109195
2020-06-17,2.121162112682785
2020-06-18,2.0871959547608228
2020-06-19,2.139132003522671
2020-06-22,2.1451626096888283
2020-06-23,2.1883665524911713
2020-06-24,2.171361494465419
2020-06-29,2.190239746361777
2020-06-30,2.227820898929709
2020-07-01,2.194004744114035
2020-07-02,2.1805646262217806
2020-07-03,2.2080508103832406
2020-07-06,2.2155456714703483
2020-07-07,2.268333288668747
2020-07-08,2.273012583429277
2020-07-09,2.3508933940582395
2020-07-10,2.3814604976348335
2020-07-13,2.477259861142172
2020-07-14,2.4756295600019618
2020-07-15,2.4956497606796626
2020-07-16,2.325701695914028
2020-07-17,2.358373816343672
2020-07-20,2.3499973861987558
2020-07-21,2.432772790164332
2020-07-22,2.4638685143133516
2020-07-23,2.5221265121729273
2020-07-24,2.368596487929402
2020-07-27,2.4135130330415
2020-07-28,2.418847368104675
2020-07-29,2.5123559355107483
2020-07-30,2.5248307392954805
2020-07-31,2.563631168449281
2020-08-03,2.6227570987206397
2020-08-04,2.6025633115605817
2020-08-05,2.6445061052521988
2020-08-06,2.586796140131745
2020-08-07,2.5494280401040808
2020-08-10,2.552016435950976
2020-08-11,2.5142110006636953
2020-08-12,2.4332184678426927
2020-08-13,2.3923263376196084
2020-08-14,2.4143918747701045
2020-08-17,2.4445506811215623
2020-08-18,2.4789057241019643
2020-08-19,2.408543999660697
2020-08-20,2.3950583193276023
2020-08-21,2.4157778392997518
2020-08-24,2.426124203286494
2020-08-25,2.432232297688307
2020-08-26,2.4248184543217075
2020-08-27,2.4467131323190516
2020-08-28,2.527226778217842
2020-08-31,2.509196886135441
2020-09-01,2.507152351818295
2020-09-02,2.5133680955081488
2020-09-03,2.5039971527901006
2020-09-04,2.4655039492497126
2020-09-07,2.378058234666871
2020-09-08,2.3857841165807754
2020-09-09,2.2764249535584113
2020-09-10,2.2719129884661795
2020-09-11,2.312812338090101
2020-09-14,2.28807241400718
2020-09-15,2.317008574719045
2020-09-16,2.2774271668257695
2020-09-17,2.240787103264772
2020-09-18,2.2736443612181123
2020-09-21,2.2586833562161166
2020-09-22,2.2545867473187284
2020-09-23,2.3197509844504713
2020-09-24,2.2807477703487047
2020-09-25,2.286567088717022
2020-09-28,2.249252572686683
2020-09-29,2.269266676981456
2020-09-30,2.284441857541627
2020-10-09,2.3445919801451156
2020-10-12,2.418334148920703
2020-10-13,2.442056618778942
2020-10-14,2.428387084371189
2020-10-15,2.4088513857052396
2020-10-16,2.4161562963347594
2020-10-19,2.3540649570616647
2020-10-20,2.377159499478182
2020-10-21,2.371935701463384
2020-10-22,2.333645282870962
2020-10-23,2.2573086218655503
2020-10-26,2.276400407595564
2020-10-27,2.3287824548980325
2020-10-28,2.3378997559999943
2020-10-29,2.3812711889017644
2020-10-30,2.3353845167482508
2020-11-02,2.3151252736872676
2020-11-03,2.343241470895136
2020-11-04,2.3503296390684048
2020-11-05,2.357415721636987
2020-11-06,2.298779266742403
2020-11-09,2.342125511956807
2020-11-10,2.3151679483677734
2020-11-11,2.2604326972545783
2020-11-12,2.2830092075532313
2020-11-13,2.2717180646435704
2020-11-16,2.2910724761329355
2020-11-17,2.2331643785672775
2020-11-18,2.2010682058933266
2020-11-19,2.2158678171788244
2020-11-20,2.228459896119382
2020-11-23,2.2236905994950797
2020-11-24,2.204057519133391
2020-11-25,2.1565203315173234
2020-11-26,2.1508861506727026
2020-11-27,2.1635874832125985
2020-11-30,2.168622774649976
2020-12-01,2.229332320602797
2020-12-02,2.223210910417218
2020-12-03,2.276404418373808
2020-12-04,2.303802686276181
2020-12-07,2.277620165474822
2020-12-08,2.2735416852950925
2020-12-09,2.245533137375265
2020-12-10,2.2620070079305163
2020-12-11,2.2391922574042304
2020-12-14,2.2653293761958784
2020-12-15,2.2515008830757806
2020-12-16,2.30699131645067
2020-12-17,2.375463707720888
2020-12-18,2.3817000057277014
2020-12-21,2.394643157757556
2020-12-22,2.442528618625748
2020-12-23,2.426912328740435
2020-12-24,2.3754687329408775
2020-12-25,2.3751023106499853
2020-12-28,2.499294341162386
2020-12-29,2.4702368441104934
2020-12-30,2.5294347731219884
2020-12-31,2.578131248660688
2021-01-04,2.6683011439505826
2021-01-05,2.8133550960699827
2021-01-06,2.821908997618007
2021-01-07,2.865192334102041
2021-01-08,2.772311332627879
2021-01-11,2.6690391533418
2021-01-12,2.7627889595163473
2021-01-13,2.7345445709766247
2021-01-14,2.6394893243203934
2021-01-15,2.5506141211249833
2021-01-18,2.4998878754789087
2021-01-19,2.4467438010707245
2021-01-20,2.466601237037626
2021-01-21,2.5438257468665593
2021-01-22,2.5233626323014944
2021-01-25,2.6949295054953892
2021-01-26,2.6312529887578084
2021-01-27,2.548928997355213
2021-01-28,2.513971612856907
2021-01-29,2.56332387960422
2021-02-01,2.557293755206415
2021-02-02,2.6764756413894095
2021-02-03,2.6754281622005127
2021-02-04,2.690758154135876
2021-02-05,2.721571686395167
2021-02-08,2.7224012664617456
2021-02-09,2.789926962121743
2021-02-10,2.9314146831220165
2021-02-18,2.826361063349704
2021-02-19,2.8095163863558774
2021-02-22,2.577650363025594
2021-02-23,2.58719744346874
2021-02-24,2.431198143444151
2021-02-25,2.3933247354575657
2021-02-26,2.3220498069171627
2021-03-01,2.4132761402193816
2021-03-02,2.425311652655595
2021-03-03,2.445261886771712
2021-03-04,2.3144708164033037
2021-03-05,2.3333331716833925
2021-03-08,2.216369450670972
2021-03-09,2.1779420224818202
2021-03-10,2.218027318475249
2021-03-11,2.282259307082265
2021-03-12,2.300578343171727
2021-03-15,2.2361336165711205
2021-03-16,2.239728454503627
2021-03-17,2.2973909946321904
2021-03-18,2.299768946432265
2021-03-19,2.2235392792596156
2021-03-22,2.253853513005164
2021-03-23,2.177443359663026
2021-03-24,2.1128020209808795
2021-03-25,2.1491479660607324
2021-03-26,2.2463834943614254
2021-03-29,2.2178741223107687
2021-03-30,2.244718183828509
2021-03-31,2.215012393149177
2021-04-01,2.2593685749264636
2021-04-02,2.2892275617702764
2021-04-06,2.3025332998941668
2021-04-07,2.2867727017742685
2021-04-08,2.2750379996205368
2021-04-09,2.239510754690944
2021-04-12,2.167107270265989
2021-04-13,2.177040211861761
2021-04-14,2.2764812687490643
2021-04-15,2.2767039303808394
2021-04-16,2.2754994487961384
2021-04-19,2.417676653527031
2021-04-20,2.4059940504737707
2021-04-21,2.4047263056956405
2021-04-22,2.4093916560973514
2021-04-23,2.441869242967224
2021-04-26,2.4166700244786425
2021-04-27,2.389474914260109
2021-04-28,2.451325229702731
2021-04-29,2.443338561645987
2021-04-30,2.4960826985991225
2021-05-06,2.4762292199553095
2021-05-07,2.4034492575067117
2021-05-10,2.4168542320124513
2021-05-11,2.371863557618713
2021-05-12,2.3826772221034016
2021-05-13,2.32971228420065
2021-05-14,2.4076680441900984
2021-05-17,2.518719757753821
2021-05-18,2.522324519324513
2021-05-19,2.611118752894112
2021-05-20,2.624230980073395
2021-05-21,2.608897718622838
2021-05-24,2.6128280995714737
2021-05-25,2.6380508867007446
2021-05-26,2.6225979213645805
2021-05-27,2.6358087646983273
2021-05-28,2.750268627751201
2021-05-31,2.884506921934115
2021-06-01,2.8501779563153575
2021-06-02,2.835440733383285
2021-06-03,2.82321791227633
2021-06-04,2.8982567428667827
2021-06-07,2.844001111772598
2021-06-08,2.8230181990578576
2021-06-09,2.8171477468440593
2021-06-10,2.9175086009456317
2021-06-11,2.9366934744667326
2021-06-15,2.9232289581318827
2021-06-16,2.737312077645945
2021-06-17,2.8200677773799874
2021-06-18,2.9505121406393084
2021-06-21,2.9640994619966974
2021-06-22,2.969647395969484
2021-06-23,3.049704486344601
2021-06-24,3.0096005835295756
2021-06-25,3.0604995440076923
2021-06-28,3.1418783389435703
2021-06-29,3.15086667422961
2021-06-30,3.2284974350685003
2021-07-01,3.1936766291322005
2021-07-02,3.180829239046979
2021-07-05,3.258318588041733
2021-07-06,3.262168339430117
2021-07-07,3.450319278962447
2021-07-08,3.507177384170641
2021-07-09,3.5603687050694868
2021-07-12,3.753813285346114
2021-07-13,3.7561372773635577
2021-07-14,3.5833375858759955
2021-07-15,3.658418591928734
2021-07-16,3.4832291643207527
2021-07-19,3.4317701385125714
2021-07-20,3.5066687977136612
2021-07-21,3.6902697491381806
2021-07-22,3.718759273912467
2021-07-23,3.691318553648855
2021-07-26,3.622904992001646
2021-07-27,3.404902508354141
2021-07-28,3.437277757705232
2021-07-29,3.6325811594593813
2021-07-30,3.614504012050679
2021-08-02,3.7244591635949615
2021-08-03,3.5998139263999844
2021-08-04,3.8954298045195555
2021-08-05,3.855231627141773
2021-08-06,3.925635498472456
2021-08-09,3.7995172212343973
2021-08-10,3.7216377492134964
2021-08-11,3.791776783450118
2021-08-12,3.7956823553032915
2021-08-13,3.7618948481930023
2021-08-16,3.570562142167615
2021-08-17,3.5119345282255625
2021-08-18,3.53789910730916
2021-08-19,3.6626088481523396
2021-08-20,3.6289534494753872
2021-08-23,3.724339459709355
2021-08-24,3.824687289035811
2021-08-25,3.8200858220549154
2021-08-26,3.7421567318430893
2021-08-27,3.8080707771224582
2021-08-30,3.846273062770288
2021-08-31,3.7991860198099743
2021-09-01,3.648530306704794
2021-09-02,3.6662917583737373
2021-09-03,3.528057959366599
2021-09-06,3.6864621732120835
2021-09-07,3.813317900812763
2021-09-08,3.746244030320525
2021-09-09,3.782338783308821
2021-09-10,3.802883195261263
2021-09-13,3.771026456005338
2021-09-14,3.8834507327755197
2021-09-15,3.901919863892529
2021-09-16,3.7406198083791913
2021-09-17,3.7847911623952832
2021-09-22,3.7387826948601983
2021-09-23,3.7270424106599878
2021-09-24,3.73816556861057
2021-09-27,3.6683354076124552
2021-09-28,3.5746798317869923
2021-09-29,3.4840801162951145
2021-09-30,3.651259927433048
2021-10-08,3.581824851280173
2021-10-11,3.586350650519908
2021-10-12,3.4825766851100908
2021-10-13,3.6198379675751022
2021-10-14,3.6369283332117863
2021-10-15,3.7519637672793893
2021-10-18,3.8436091861450095
2021-10-19,3.8525075884599977
2021-10-20,3.914098028627651
2021-10-21,3.881969629776412
2021-10-22,3.874827091192777
2021-10-25,4.0138975769443865
2021-10-26,4.01528564583551
2021-10-27,4.0980097139728375
2021-10-28,4.012543000332138
2021-10-29,4.052422380833228
2021-11-01,3.9866243180751457
2021-11-02,4.011173538262612
2021-11-03,3.9350493097456773
2021-11-04,3.9985419873079127
2021-11-05,3.9225014894881642
2021-11-08,4.086354400924586
2021-11-09,4.112957193988954
2021-11-10,4.011832219747139
2021-11-11,4.017215173235101
2021-11-12,4.028912661745639
2021-11-15,3.8789218323988517
2021-11-16,3.81962685378886
2021-11-17,3.8796059432062284
2021-11-18,3.871095803235227
2021-11-19,3.883061229976759
2021-11-22,4.0765901611779585
2021-11-23,4.0541286263736565
2021-11-24,3.9875552793823736
2021-11-25,3.9703166794003013
2021-11-26,4.034294374778827
2021-11-29,4.1071816365653
2021-11-30,4.083800924774115
2021-12-01,4.049173009555036
2021-12-02,4.071449096370755
2021-12-03,4.068929732726546
2021-12-06,3.955188713214695
2021-12-07,3.8395181663032534
2021-12-08,3.938077880074254
2021-12-09,3.932779277510864
2021-12-10,3.9790811125997925
2021-12-13,3.957174681306463
2021-12-14,3.8994389543462855
2021-12-15,3.855255195782463
2021-12-16,3.8525404605114852
2021-12-17,3.761463169931956
2021-12-20,3.6134378411731807
2021-12-21,3.6251682017352063
2021-12-22,3.6582529912165223
2021-12-23,3.6334767678055755
2021-12-24,3.475315062868236
2021-12-27,3.497957083842027
2021-12-28,3.6035259873085517
2021-12-29,3.5756393235540016
2021-12-30,3.5733618485905505
2021-12-31,3.6003404994511747
2022-01-04,3.515335855213462
2022-01-05,3.3695135741317515
2022-01-06,3.3687581371749205
2022-01-07,3.2942824730514655
2022-01-10,3.279450764074553
2022-01-11,3.192387027238478
2022-01-12,3.269468562935606
2022-01-13,3.20203731447947
2022-01-14,3.2165005962231703
2022-01-17,3.273017320241344
2022-01-18,3.2810826335757746
2022-01-19,3.211094967754786
2022-01-20,3.134090457464431
2022-01-21,3.0519274317614897
2022-01-24,3.0418308198195123
2022-01-25,2.925358347264894
2022-01-26,2.949850675782228
2022-01-27,2.883604943483442
2022-01-28,2.8984995892588237
2022-02-07,3.009569615428642
2022-02-08,3.053140173270842
2022-02-09,3.05482818168493
2022-02-10,3.099041017453919
2022-02-11,3.0564350358483403
2022-02-14,3.018612517646969
2022-02-15,3.024309546044515
2022-02-16,3.0583479574714483
2022-02-17,3.0442503047823637
2022-02-18,3.0898033450339666
2022-02-21,3.0821447024629065
2022-02-22,3.045597465343607
2022-02-23,3.0332481070834
2022-02-24,2.953842150834984
2022-02-25,2.9592516613158444
2022-02-28,2.959318903409263
2022-03-01,2.974974717711351
2022-03-02,2.9817545756822192
2022-03-03,3.012398420737965
2022-03-04,2.9733446766191753
2022-03-07,2.9361041503298044
2022-03-08,2.882380036381437
2022-03-09,2.826704906675604
2022-03-10,2.905455717287222
2022-03-11,2.9098917160443505
2022-03-14,2.895105053520588
2022-03-15,2.832261737794598
2022-03-16,2.805645745251826
2022-03-17,2.841873068435044
2022-03-18,2.8463090671921725
2022-03-21,2.8389157359302915
2022-03-22,2.8573990640849942
2022-03-23,2.8344797371731625
2022-03-24,2.8677497278516277
2022-03-25,2.887711722258707
2022-03-28,2.8618350628421227
2022-03-29,2.8448304009397964
2022-03-30,2.837437069677915
2022-03-31,2.8330010709207865
2022-04-01,2.847787733444549
2022-04-06,2.8352190702993507
2022-04-07,2.8403944021826675
2022-04-08,2.8470484003183607
2022-04-11,2.8721857266087567
2022-04-12,2.888451055384895
2022-04-13,2.9017590516562812
2022-04-14,2.905455717287222
2022-04-15,2.9150670479276672
2022-04-18,2.932071709829994
2022-04-19,2.9091523829181622
2022-04-20,2.8721857266087567
2022-04-21,2.9098917160443505
2022-04-22,2.920242379810984
2022-04-25,2.9002803854039048
2022-04-26,2.875143059113509
2022-04-27,2.8766217253658852
2022-04-28,2.875143059113509
2022-04-29,2.913588381675291
2022-05-05,2.9039770510348455
2022-05-06,2.8988017191515287
2022-05-09,2.9113703822967265
2022-05-10,2.8899297216372712
2022-05-11,2.875143059113509
2022-05-12,2.9032377179086573
2022-05-13,2.8736643928611327
2022-05-16,2.8463090671921725
2022-05-17,2.8655317284730635
2022-05-18,2.8352190702993507
2022-05-19,2.8455697340659842
2022-05-20,2.8618350628421227
2022-05-23,2.8640530622206875
2022-05-24,2.869228394104004
2022-05-25,2.8729250597349445
2022-05-26,2.883275723501578
2022-05-27,2.895105053520588
2022-05-30,2.8714463934825685
2022-05-31,2.8655317284730635
2022-06-01,2.8470484003183607
2022-06-02,2.8655317284730635
2022-06-06,2.859617063463559
2022-06-07,2.8485270665707367
2022-06-08,2.8618350628421227
2022-06-09,2.868489060977816
2022-06-10,2.8566597309588064
2022-06-13,2.9017590516562812
2022-06-14,2.849266399696925
2022-06-15,2.8337404040469747
2022-06-16,2.842612401561232
2022-06-17,2.863313729094499
2022-06-20,2.8514843990754892
2022-06-21,2.8470484003183607
2022-06-22,2.8448304009397964
2022-06-23,2.8485270665707367
2022-06-24,2.8285650721636575
2022-06-27,2.847787733444549
2022-06-28,2.832261737794598
2022-06-29,2.824129073406529
2022-06-30,2.8219110740279647
2022-07-01,2.7967737477375687
2022-07-04,2.809342410882767
2022-07-05,2.8063850783780144
2022-07-06,2.75315309329247
2022-07-07,2.7828105598939814
2022-07-08,2.7128154124470876
2022-07-11,2.5978424951038797
2022-07-12,2.5334111708562266
2022-07-13,2.575634148631936
2022-07-14,2.657723672141078
2022-07-15,2.6264838554722836
2022-07-18,2.6386643757619956
2022-07-19,2.604511152204567
2022-07-20,2.6061219125212807
2022-07-21,2.5519773029278148
2022-07-22,2.553081225250135
2022-07-25,2.5253528113770276
2022-07-26,2.5560921711053153
2022-07-27,2.5710069729852827
2022-07-28,2.529658655381552
2022-07-29,2.506877381428536
2022-08-01,2.599390356460857
2022-08-02,2.5339230225358156
2022-08-03,2.4619506599633127
2022-08-04,2.482537293632074
2022-08-05,2.4824477283515147
2022-08-08,2.46868861429338
2022-08-09,2.4798269447213936
2022-08-10,2.485068511981636
2022-08-11,2.4739301815536217
2022-08-12,2.485723707889166
2022-08-15,2.4883444915192867
2022-08-16,2.486378903796696
2022-08-17,2.475240573368682
2022-08-18,2.4634470470331378
2022-08-19,2.4634470470331378
2022-08-22,2.458205479772896
2022-08-23,2.4620527901419136
2022-08-24,2.4620527901419136
2022-08-25,2.4620527901419136
2022-08-26,2.4462463671402332
2022-08-29,2.428710577446108
2022-08-30,2.428710577446108
2022-08-31,2.428710577446108
2022-09-01,2.428710577446108
2022-09-02,2.428710577446108
2022-09-05,2.428710577446108
2022-09-06,2.428710577446108
2022-09-07,2.428710577446108
2022-09-08,2.428710577446108
2022-09-09,2.428710577446108
2022-09-13,2.428710577446108
2022-09-14,2.428710577446108
2022-09-15,2.428710577446108
2022-09-16,2.428710577446108
2022-09-19,2.428710577446108
2022-09-20,2.428710577446108
2022-09-21,2.428710577446108
2022-09-22,2.428710577446108
2022-09-23,2.428710577446108
2022-09-26,2.426682493658938
2022-09-27,2.4233561087813853
2022-09-28,2.4233561087813853
2022-09-29,2.4233561087813853
2022-09-30,2.4233561087813853
2022-10-10,2.4233561087813853
2022-10-11,2.4233561087813853
2022-10-12,2.4233561087813853
2022-10-13,2.4233561087813853
2022-10-14,2.4233561087813853
2022-10-17,2.4233561087813853
2022-10-18,2.4233561087813853
2022-10-19,2.4233561087813853
2022-10-20,2.4233561087813853
2022-10-21,2.4233561087813853
2022-10-24,2.4233561087813853
2022-10-25,2.4233561087813853
2022-10-26,2.4233561087813853
2022-10-27,2.4233561087813853
2022-10-28,2.4233561087813853
2022-10-31,2.4233561087813853
2022-11-01,2.4052046263843185
2022-11-02,2.3883338137065886
2022-11-03,2.4093765162429817
2022-11-04,2.4166840076528042
2022-11-07,2.3711882187431774
2022-11-08,2.3782896234387394
2022-11-09,2.3583764946733123
2022-11-10,2.3103580950927274
2022-11-11,2.3308248867448564
2022-11-14,2.305280867859581
2022-11-15,2.3370837949011545
2022-11-16,2.345890489094073
2022-11-17,2.3589883146062736
2022-11-18,2.324645407843013
2022-11-21,2.3471740424271146
2022-11-22,2.345466606193151
2022-11-23,2.3379138013365237
2022-11-24,2.312883047658166
2022-11-25,2.2792313900823213
2022-11-28,2.2409023839431375
2022-11-29,2.234678924621689
2022-11-30,2.230718541417131
2022-12-01,2.237507769767802
2022-12-02,2.250520457439921
2022-12-05,2.228455465300241
2022-12-06,2.204693166072894
2022-12-07,2.204693166072894
2022-12-08,2.2114823944235646
2022-12-09,2.2194031608326803
2022-12-12,2.2177058537450125
2022-12-13,2.2194031608326803
2022-12-14,2.24146815297236
2022-12-15,2.2244950820956833
2022-12-16,2.2143112395696773
2022-12-19,2.229587003358686
2022-12-20,2.2301527723879087
2022-12-21,2.251651995498366
2022-12-22,2.251651995498366
2022-12-23,2.2329816175340214
2022-12-26,2.235810462680134
2022-12-27,2.24146815297236
2022-12-28,2.2431654600600277
2022-12-29,2.239770845884692
2022-12-30,2.254480840644479
2023-01-03,2.2550466096737014
2023-01-04,2.2635331451120395
2023-01-05,2.2629673760828175
2023-01-06,2.246560074235363
2023-01-09,2.2708881424919327
2023-01-10,2.269756604433488
2023-01-11,2.2765458327841586
2023-01-12,2.2731512186088234
2023-01-13,2.277677370842604
2023-01-16,2.2906900585147225
2023-01-17,2.2997423629822835
2023-01-18,2.294084672690058
2023-01-19,2.3008739010407284
2023-01-20,2.319544279005073
2023-01-30,2.31671543385896
2023-01-31,2.3014396700699513
2023-02-01,2.3138865887128475
2023-02-02,2.3331227357064144
2023-02-03,2.302571208128396
2023-02-06,2.2725854495796005
2023-02-07,2.26805929734582
2023-02-08,2.26805929734582
2023-02-09,2.2731512186088234
2023-02-10,2.2584412238490366
2023-02-13,2.2725854495796005
2023-02-14,2.2708881424919327
2023-02-15,2.2635331451120395
2023-02-16,2.2629673760828175
2023-02-17,2.257875454819814
2023-02-20,2.26805929734582
2023-02-21,2.2652304521997073
2023-02-22,2.2720196805503785
2023-02-23,2.266927759287375
2023-02-24,2.2742827566672683
2023-02-27,2.26805929734582
2023-02-28,2.2708881424919327
2023-03-01,2.278808908901049
2023-03-02,2.277111601813381
2023-03-03,2.287295444339387
2023-03-06,2.302571208128396
2023-03-07,2.305400053274509
2023-03-08,2.281071985017939
2023-03-09,2.281071985017939
2023-03-10,2.296913517836171
2023-03-13,2.3127550506544026
2023-03-14,2.3427408092031983
2023-03-15,2.3410435021155305
2023-03-16,2.36084541813832
2023-03-17,2.3744238748396613
2023-03-20,2.4474080796093713
2023-03-21,2.424211549411246
2023-03-22,2.3885681005702253
2023-03-23,2.405541171446902
2023-03-24,2.4179880900897985
2023-03-27,2.4015807882423443
2023-03-28,2.38969963862867
2023-03-29,2.3981861740670087
2023-03-30,2.4027123263007892
2023-03-31,2.4213827042651332
2023-04-03,2.38743656251178
2023-04-04,2.414593475914463
2023-04-06,2.449105386697039
2023-04-07,2.447973848638594
2023-04-10,2.424777318440469
2023-04-11,2.4383557751418103
2023-04-12,2.455328846018487
2023-04-13,2.4581576911645997
2023-04-14,2.469473071749051
2023-04-17,2.4457107725217035
2023-04-18,2.4349611609664747
2023-04-19,2.4304350087326942
2023-04-20,2.4366584680541425
2023-04-21,2.4253430874696917
2023-04-24,2.4191196281482434
2023-04-25,2.441184620287923
2023-04-26,2.445145003492481
2023-04-27,2.4508026937847065
2023-04-28,2.431000777761917
2023-05-04,2.485880373596505
2023-05-05,2.4971957541809564
2023-05-08,2.4706046098074963
2023-05-09,2.475696531070499
2023-05-10,2.4875776806841725
2023-05-11,2.4853146045672827
2023-05-12,2.4689073027198285
2023-05-15,2.478525376216612
2023-05-16,2.4711703788367188
2023-05-17,2.4621180743691577
2023-05-18,2.4575919221353772
2023-05-19,2.449105386697039
2023-05-22,2.4587234601938226
2023-05-23,2.449105386697039
2023-05-24,2.4615523053399353
2023-05-25,2.451934231843152
2023-05-26,2.4377900061125874
2023-05-29,2.440053082229478
2023-05-30,2.432132315820362
2023-05-31,2.4689073027198285
2023-06-01,2.4672099956321607
2023-06-02,2.474564993012054
2023-06-05,2.4457107725217035
2023-06-06,2.464381150486048
2023-06-07,2.4677757646613836
2023-06-08,2.453631538930819
2023-06-09,2.474564993012054
2023-06-12,2.4762623000997217
2023-06-13,2.481919990391947
2023-06-14,2.4677757646613836
2023-06-15,2.4485396176678162
2023-06-16,2.465512688544493
2023-06-19,2.469473071749051
2023-06-20,2.4739992239828315
2023-06-21,2.4638153814568255
2023-06-26,2.46268384339838
2023-06-27,2.46042076728149
2023-06-28,2.451934231843152
2023-06-29,2.4564603840769323
2023-06-30,2.4598549982522675
2023-07-03,2.4649469195152705
2023-07-04,2.4683415336906056
2023-07-05,2.4700388407782734
2023-07-06,2.4689073027198285
2023-07-07,2.465512688544493
2023-07-10,2.471736147865941
2023-07-11,2.4739992239828315
2023-07-12,2.472301916895164
2023-07-13,2.493235370976399
2023-07-14,2.481919990391947
2023-07-17,2.492103832917953
2023-07-18,2.501156137385514
2023-07-19,2.530010357875865
2023-07-20,2.528313050788197
2023-07-21,2.5186949772914136
2023-07-24,2.5124715179699657
2023-07-25,2.500024599327069
2023-07-26,2.510774210882298
2023-07-27,2.515866132145301
2023-07-28,2.490972294859508
2023-07-31,2.493801140005621
2023-08-01,2.5034192135024047
2023-08-02,2.502853444473182
2023-08-03,2.492103832917953
2023-08-04,2.4892749877718403
2023-08-07,2.4943669090348437
2023-08-08,2.4966299851517335
2023-08-09,2.4949326780640657
2023-08-10,2.4864461426257276
2023-08-11,2.4971957541809564
2023-08-14,2.500590368356292
2023-08-15,2.5062480586485174
2023-08-16,2.5073795967069623
2023-08-17,2.5051165205900725
2023-08-18,2.500590368356292
2023-08-21,2.510208441853075
2023-08-22,2.5062480586485174
2023-08-23,2.518129208262191
2023-08-24,2.524918436612862
2023-08-25,2.515866132145301
2023-08-28,2.516997670203746
2023-08-29,2.5237868985544165
2023-08-30,2.532273433992755
2023-08-31,2.5418915074895385
2023-09-01,2.539062662343426
2023-09-04,2.5486807358402093
2023-09-05,2.549812273898654
2023-09-06,2.5481149668109864
2023-09-07,2.547549197781764
2023-09-08,2.565653806716886
2023-09-11,2.570745727979889
2023-09-12,2.5713114970091118
2023-09-13,2.57753495633056
2023-09-14,2.597336872353349
2023-09-15,2.5724430350675567
2023-09-18,2.558864578366215
2023-09-19,2.578666494389005
2023-09-20,2.5984684104117943
2023-09-21,2.5905476440026787
2023-09-22,2.57979803244745
2023-09-25,2.591113413031901
2023-09-26,2.5894161059442338
2023-09-27,2.551509580986322
2023-09-28,2.50907690379463
2023-10-09,2.491538063888731
2023-10-10,2.459289229223045
2023-10-11,2.463249612427603
2023-10-12,2.483051528450392
2023-10-13,2.491538063888731
2023-10-16,2.5226553604959716
2023-10-17,2.533970741080423
2023-10-18,2.5582988093369927
2023-10-19,2.5718772660383338
2023-10-20,2.600165717499462
2023-10-23,2.586021491768898
2023-10-24,2.587718798856566
2023-10-25,2.57753495633056
2023-10-26,2.596205334294904
2023-10-27,2.601297255557907
2023-10-30,2.606954945850133
2023-10-31,2.6131784051715807
2023-11-01,2.6035603316747973
2023-11-02,2.609218021967023
2023-11-03,2.6075207148793553
2023-11-06,2.5945080272072363
2023-11-07,2.5843241846812304
2023-11-08,2.5741403421552245
2023-11-09,2.5571672712785474
2023-11-10,2.5758376492428923
2023-11-13,2.5667853447753313
2023-11-14,2.578100725359782
2023-11-15,2.588850336915011
2023-11-16,2.578666494389005
2023-11-17,2.586021491768898
2023-11-20,2.5577330403077703
2023-11-21,2.5543384261324347
2023-11-22,2.544720352635651
2023-11-23,2.542457276518761
2023-11-24,2.544720352635651
2023-11-27,2.5713114970091118
2023-11-28,2.579232263418227
2023-11-29,2.596771103324127
2023-11-30,2.5956395652656816
2023-12-01,2.5956395652656816
2023-12-04,2.6261910928437
2023-12-05,2.5905476440026787
2023-12-06,2.5894161059442338
2023-12-07,2.5928107201195685
2023-12-08,2.596771103324127
2023-12-11,2.57753495633056
2023-12-12,2.5673511138045533
2023-12-13,2.561693423512328
2023-12-14,2.6007314865286846
2023-12-15,2.596205334294904
2023-12-18,2.588284567885788
2023-12-19,2.5956395652656816
2023-12-20,2.60412610070402
2023-12-21,2.6046918697332426
2023-12-22,2.617138788376139
2023-12-25,2.621099171580697
2023-12-26,2.62845416896059
2023-12-27,2.6358091663404832
2023-12-28,2.636940704398928
2023-12-29,2.6290199379898125
2024-01-02,2.639203780515819
2024-01-03,2.637506473428151
2024-01-04,2.63071724507748
2024-01-05,2.638072242457373
2024-01-08,2.630151476048258
2024-01-09,2.629585707019035
2024-01-10,2.619401864493029
2024-01-11,2.619401864493029
2024-01-12,2.627888399931367
2024-01-15,2.6431641637203764
2024-01-16,2.6454272398372662
2024-01-17,2.619401864493029
2024-01-18,2.6109153290546905
2024-01-19,2.6261910928437
2024-01-22,2.6160072503176934
2024-01-23,2.6199676335222515
2024-01-24,2.6165730193469163
2024-01-25,2.6046918697332426
2024-01-26,2.6160072503176934
2024-01-29,2.621099171580697
2024-01-30,2.62845416896059
2024-01-31,2.631848783135925
2024-02-01,2.6403353185742637
2024-02-02,2.646558777895712
2024-02-05,2.6261910928437
2024-02-06,2.620533402551474
2024-02-07,2.6256253238144773
2024-02-08,2.636940704398928
2024-02-19,2.6267568618729222
2024-02-20,2.6256253238144773
2024-02-21,2.6256253238144773
2024-02-22,2.6239280167268095
2024-02-23,2.6188360954638066
2024-02-26,2.63071724507748
2024-02-27,2.627888399931367
2024-02-28,2.6273226309021447
2024-02-29,2.62845416896059
2024-03-01,2.639769549545041
2024-03-04,2.6725841532399492
2024-03-05,2.7087933711101932
2024-03-06,2.7285952871329826
2024-03-07,2.763107197915559
2024-03-08,2.7608441217986686
2024-03-11,2.7710279643246745
2024-03-12,2.759712583740223
2024-03-13,2.7546206624772207
2024-03-14,2.7585810456817783
2024-03-15,2.7710279643246745
2024-03-18,2.748962972184995
2024-03-19,2.7546206624772207
2024-03-20,2.760278352769446
2024-03-21,2.8157237176332566
2024-03-22,2.7976191086981346
2024-03-25,2.803276798990361
2024-03-26,2.8089344892825863
2024-03-27,2.8225129459839278
2024-03-28,2.8445779381236074
2024-03-29,2.899457533958196
2024-04-01,2.9158648358056496
2024-04-02,2.91812791192254
2024-04-03,2.958863282026564
2024-04-08,3.0284528726209388
2024-04-09,3.036939408059277
2024-04-10,3.0476890196145057
2024-04-11,3.025058258445603
2024-04-12,3.1133182270043225
2024-04-15,3.06409632146196
2024-04-16,3.0838982374847497
2024-04-17,3.0889901587477526
2024-04-18,3.0799378542801916
2024-04-19,3.094647849039978
2024-04-22,3.034110562913164
2024-04-23,2.959429051055787
2024-04-24,2.9905463476630274
2024-04-25,2.99111211669225
2024-04-26,3.014308646890375
2024-04-29,2.994506730867585
2024-04-30,2.9899805786338045
2024-05-06,2.9718759696986825
2024-05-07,2.9797967361077986
2024-05-08,2.975836352903241
2024-05-09,2.9696128935817927
2024-05-10,3.036939408059277
2024-05-13,3.0188347991241553
2024-05-14,3.014308646890375
2024-05-15,3.0375051770884998
2024-05-16,3.06409632146196
2024-05-17,3.0635305524327374
2024-05-20,3.13934360234856
2024-05-21,3.1003055393322034
2024-05-22,3.1065289986536517
2024-05-23,3.035242100971609
2024-05-24,3.008650956598149
2024-05-27,3.0194005681533778
2024-05-28,3.0171374920364875
2024-05-29,3.0375051770884998
2024-05-30,3.007519418539704
2024-05-31,3.0222294132994905
2024-06-03,2.9956382689260304
2024-06-04,3.0239267203871583
2024-06-05,3.011479801744262
2024-06-06,3.053346709906731
2024-06-07,3.053912478935954
2024-06-11,2.9622578962018995
2024-06-12,2.979230967078576
2024-06-13,2.9803625051370215
2024-06-14,2.9814940431954664
2024-06-17,2.986020195429247
2024-06-18,2.9888490405753596
2024-06-19,3.0007301901890333
2024-06-20,3.026755565533271
2024-06-21,3.0408997912638354
2024-06-24,2.992243654750695
2024-06-25,2.9990328831013655
2024-06-26,2.9814940431954664
2024-06-27,2.965086741348012
2024-06-28,2.996204037955253
2024-07-01,2.997335576013698
2024-07-02,3.0012959592182558
2024-07-03,3.0205321062118227
2024-07-04,3.034676331942387
2024-07-05,3.043728636409948
2024-07-08,3.045425943497616
2024-07-09,3.0329790248547193
2024-07-10,3.052780940877509
2024-07-11,3.06409632146196
2024-07-12,3.080503623309414
2024-07-15,3.078240547192524
2024-07-16,3.113883996033545
2024-07-17,3.1540535971083465
2024-07-18,3.152356290020679
2024-07-19,3.0686224736957404
2024-07-22,3.06635939757885
2024-07-23,3.0510836337898413
2024-07-24,3.091253234864643
2024-07-25,3.0131771088319295
2024-07-26,3.0261897965040485
2024-07-29,3.0471232505852828
2024-07-30,3.0510836337898413
2024-07-31,3.0748459330171887
2024-08-01,3.0997397703029814
2024-08-02,3.113883996033545
2024-08-05,3.035242100971609
2024-08-06,3.0131771088319295
2024-08-07,3.027321334562494
2024-08-08,3.025624027474826
2024-08-09,3.052215171848286
2024-08-12,3.075411702046411
2024-08-13,3.096345156127646
2024-08-14,3.08616131360164
2024-08-15,3.0788063162217463
2024-08-16,3.084464006513972
2024-08-19,3.1184101482673254
2024-08-20,3.1184101482673254
2024-08-21,3.131988604968667
2024-08-22,3.124067838559551
2024-08-23,3.1133182270043225
2024-08-26,3.13255437399789
2024-08-27,3.130291297880999
2024-08-28,3.1268966837056635
2024-08-29,3.130857066910222
2024-08-30,3.123502069530329
2024-09-02,3.1059632296244293
2024-09-03,3.111620919916655
2024-09-04,3.0901216968061975
2024-09-05,3.112186688945877
2024-09-06,3.120673224384216
2024-09-09,3.0980424632153136
2024-09-10,3.1184101482673254
2024-09-11,3.1348174501147796
2024-09-12,3.1285939907933313
2024-09-13,3.1738555131311363
2024-09-18,3.172723975072691
2024-09-19,3.167632053809688
2024-09-20,3.2032755026507096
2024-09-23,3.230432416053392
2024-09-24,3.2225116496442765
2024-09-25,3.2468397179008464
2024-09-26,3.2530631772222947
2024-09-27,3.2287351089657244
2024-09-30,3.228169339936502
2024-10-08,3.23212972314106
2024-10-09,3.19026281497859
2024-10-10,3.210630500030603
2024-10-11,3.246273948871624
2024-10-14,3.2802200906249777
2024-10-15,3.2802200906249777
2024-10-16,3.328310458108895
2024-10-17,3.3401916077225686
2024-10-18,3.362822368891471
2024-10-21,3.4052550460831625
2024-10-22,3.4041235080247176
2024-10-23,3.425622731135175
2024-10-24,3.3911108203525986
2024-10-25,3.3928081274402664
2024-10-28,3.403557738995495
2024-10-29,3.432411959485845
2024-10-30,3.4731473295898696
2024-10-31,3.452213875508635
2024-11-01,3.422793885989062
2024-11-04,3.397334279674047
2024-11-05,3.397334279674047
2024-11-06,3.390545051323376
2024-11-07,3.3147320014075534
2024-11-08,3.3362312245180106
2024-11-11,3.3401916077225686
2024-11-12,3.284746242858758
2024-11-13,3.27852278353731
2024-11-14,3.2128935761474926
2024-11-15,3.2145908832351604
2024-11-18,3.2570235604268523
2024-11-19,3.313600463349108
2024-11-20,3.3130346943198856
2024-11-21,3.3560331405408
2024-11-22,3.399597355790937
2024-11-25,3.346415067044017
2024-11-26,3.3056796969399924
2024-11-27,3.336796993547233
2024-11-28,3.3198239226705564
2024-11-29,3.3503754502485745
2024-12-02,3.321521229758224
2024-12-03,3.354901602482355
2024-12-04,3.35377006442391
2024-12-05,3.3526385263654643
2024-12-06,3.3390600696641233
2024-12-09,3.3577304476284677
2024-12-10,3.3718746733590317
2024-12-11,3.4001631248201596
2024-12-12,3.4233596550182845
2024-12-13,3.394505434527934
2024-12-16,3.363953906949916
2024-12-17,3.3599935237453584
2024-12-18,3.355467371511578
2024-12-19,3.3288762271381174
2024-12-20,3.3328366103426754
2024-12-23,3.366216983066806
2024-12-24,3.3492439121901296
2024-12-25,3.3577304476284677
2024-12-26,3.3599935237453584
2024-12-27,3.362822368891471
2024-12-30,3.3503754502485745
2024-12-31,3.3532042953946872
2025-01-02,3.3809269778265927
2025-01-03,3.4103469673461655
2025-01-06,3.388281975206486
2025-01-07,3.3939396654987113
2025-01-08,3.4109127363753884
2025-01-09,3.430714652398178
2025-01-10,3.4533454135670802
2025-01-13,3.461831949005419
2025-01-14,3.432411959485845
2025-01-15,3.4516481064794124
2025-01-16,3.4629634870638637
2025-01-17,3.472581560560647
2025-01-20,3.4657923322099764
2025-01-21,3.4657923322099764
2025-01-22,3.4963438597879946
2025-01-23,3.49973847396333
2025-01-24,3.5172773138692293
2025-01-27,3.5082250094016683
2025-02-05,3.6423122693274146
2025-02-06,3.62137881524618
2025-02-07,3.6315626577721862
2025-02-10,3.6870080226359967
2025-02-11,3.7243487785646856
2025-02-12,3.698323403220448
2025-02-13,3.71642801215557
2025-02-14,3.7362299281783597
2025-02-17,3.673429565934655
2025-02-18,3.7079414767172314
2025-02-19,3.7322695449738013
2025-02-20,3.744150694587475
2025-02-21,3.7152964740971246
2025-02-24,3.7226514714770182
2025-02-25,3.7232172405062403
2025-02-26,3.6875737916652196
2025-02-27,3.6722980278762103
2025-02-28,3.6451411144735273
2025-03-03,3.6491014976780853
2025-03-04,3.676258411080768
2025-03-05,3.703415324483451
2025-03-06,3.69662609613278
2025-03-07,3.691534174869777
2025-03-10,3.701718017395783
2025-03-11,3.6796530252561035
2025-03-12,3.691534174869777
2025-03-13,3.7192568573016827
2025-03-14,3.7747022221654936
2025-03-17,3.7769652982823834
2025-03-18,3.8052537497435117
2025-03-19,3.8465548888767582
2025-03-20,3.8505152720813163
2025-03-21,3.831844894116972
2025-03-24,3.8352395082923074
2025-03-25,3.831844894116972
2025-03-26,3.8437260437306455
2025-03-27,3.853344117227429
2025-03-28,3.924631014909471
2025-03-31,3.9664979230719406
2025-04-01,3.9913917603577334
2025-04-02,3.976115996568724
2025-04-03,4.012890983468191
2025-04-07,3.890119104126895
2025-04-08,3.917276017529578
2025-04-09,3.9664979230719406
2025-04-10,4.05249481551377
2025-04-11,4.1141636396990275
2025-04-14,4.144715167277047
2025-04-15,4.143583629218602
2025-04-16,4.244290516420216
2025-04-17,4.279368196232015
2025-04-18,4.289552038758021
2025-04-21,4.369325471878403
2025-04-22,4.515293881417822
2025-04-23,4.242593209332549
2025-04-24,4.288986269728799
2025-04-25,4.259566280209226
2025-04-28,4.2227912933097596
2025-04-29,4.252211282829332
2025-04-30,4.226185907485094
2025-05-06,4.305959340605476
2025-05-07,4.339339713329608
2025-05-08,4.274842043998236
2025-05-09,4.2601320492384485
2025-05-12,4.1724378497089525
2025-05-13,4.147544012423159
2025-05-14,4.116426715815919
2025-05-15,3.994786374533069
2025-05-16,4.059849812893663
2025-05-19,4.085309419208679
2025-05-20,4.077954421828785
2025-05-21,4.208081298549974
2025-05-22,4.214304757871421
2025-05-23,4.216567833988311
2025-05-26,4.200160532140858
2025-05-27,4.166780159416726
2025-05-28,4.17187208067973
2025-05-29,4.129439403488037
2025-05-30,4.1684774665043935
2025-06-03,4.230146290689653
2025-06-04,4.227883214572763
2025-06-05,4.2329751358357655
2025-06-06,4.2318435977773206
2025-06-09,4.186016306410293
2025-06-10,4.188845151556407
2025-06-11,4.201857839228525
2025-06-12,4.2408959022448816
2025-06-13,4.2923808839041335
2025-06-16,4.2782366581735705
2025-06-17,4.2420274403033265
2025-06-18,4.244290516420216
2025-06-19,4.2227912933097596
2025-06-20,4.206383991462305
2025-06-23,4.222225524280537
2025-06-24,4.170174773592061
2025-06-25,4.1814901541765135
2025-06-26,4.188845151556407
2025-06-27,4.144149398247825
2025-06-30,4.137360169897153
2025-07-01,4.184318999322626
2025-07-02,4.182621692234958
2025-07-03,4.211475912725309
2025-07-04,4.189976689614852
2025-07-07,4.160556700095279
2025-07-08,4.184884768351848
2025-07-09,4.137360169897153
2025-07-10,4.16960900456284
2025-07-11,4.1724378497089525
2025-07-14,4.2086470675791965
2025-07-15,4.206383991462305
2025-07-16,4.187147844468738
2025-07-17,4.184318999322626
2025-07-18,4.1877136134979605
2025-07-21,4.212041681754531
2025-07-22,4.227883214572763
2025-07-23,4.269750122735232
2025-07-24,4.1995947631116355
2025-07-25,4.191108227673297
2025-07-28,4.179227078059622
2025-07-29,4.165082852329059
2025-07-30,4.173003618738175
2025-07-31,4.157727854949165
2025-08-01,4.15885939300761
2025-08-04,4.212041681754531
2025-08-05,4.217133603017533
2025-08-06,4.224488600397427
2025-08-07,4.233540904864988
2025-08-08,4.24711936156633
2025-08-11,4.202423608257748
2025-08-12,4.185450537381071
2025-08-13,4.194502841848632
2025-08-14,4.1995947631116355
2025-08-15,4.1865820754395155
2025-08-18,4.193371303790187
2025-08-19,4.180924385147291
2025-08-20,4.171306311650506
2025-08-21,4.182621692234958
2025-08-22,4.173569387767397
2025-08-25,4.201292070199303
2025-08-26,4.2137389888421986
2025-08-27,4.214304757871421
2025-08-28,4.224488600397427
2025-08-29,4.234672442923433
2025-09-01,4.325761256628265
2025-09-02,4.338773944300383
2025-09-03,4.394219309164194
2025-09-04,4.384035466638188
2025-09-05,4.398179692368753
2025-09-08,4.438915062472777
2025-09-09,4.506241576950261
2025-09-10,4.495491965395033
2025-09-11,4.481913508693692
2025-09-12,4.49945234859959
2025-09-15,4.486439660927472
2025-09-16,4.54358233287895
2025-09-17,4.505110038891816
2025-09-18,4.4474015979111154
2025-09-19,4.467769282963127
2025-09-22,4.552634637346511
2025-09-23,4.6063826951226545
2025-09-24,4.632973839496115
2025-09-25,4.608080002210322
2025-09-26,4.616000768619438
2025-09-29,4.672011902512471
2025-09-30,4.717273424850276
2025-10-09,4.937923346247073
2025-10-10,4.8660706795358095
2025-10-13,5.011473320046006
2025-10-14,5.0776682964650455
2025-10-15,5.197045561631004
2025-10-16,5.229294396296691
2025-10-17,5.412603561764801
2025-10-20,5.242872852998033
2025-10-21,5.368473577485441
2025-10-22,5.148389425117866
2025-10-23,5.087852138991051
2025-10-24,5.062958301705258
2025-10-27,5.042590616653246
2025-10-28,4.8632418343896955
2025-10-29,4.916989892165839
2025-10-30,4.92377912051651
2025-10-31,4.97469833314654
2025-11-03,4.976395640234207
2025-11-04,4.942449498480855
2025-11-05,4.924910658574955
2025-11-06,4.952633341006861
2025-11-07,4.974132564117317
2025-11-10,5.055037535296144
2025-11-11,5.126324432978185
2025-11-12,5.107654055013841
2025-11-13,5.190256333280335
2025-11-14,5.145560579971752
2025-11-17,5.024486007718124
2025-11-18,4.965080259649756
2025-11-19,5.06522137782215
2025-11-20,5.036367157331799
2025-11-21,4.993934480140107
2025-11-24,5.010341781987561
2025-11-25,5.096904443458612
2025-11-26,5.097470212487835
2025-11-27,5.096904443458612
2025-11-28,5.129153278124299
2025-12-01,5.1823355668712185
2025-12-02,5.154612884439313
2025-12-03,5.145560579971752
2025-12-04,5.12745597103663
2025-12-05,5.168191341140654
2025-12-08,5.153481346380868
2025-12-09,5.117272128510624
2025-12-10,5.14499481094253
2025-12-11,5.153481346380868
2025-12-12,5.2196763227999075
2025-12-15,5.289831682423506
2025-12-16,5.227031320179801
2025-12-17,5.26663515222538
2025-12-18,5.271161304459159
2025-12-19,5.268332459313047
2025-12-22,5.380354727099114
2025-12-23,5.452773162839602
2025-12-24,5.454470469927269
2025-12-25,5.411472023706356
2025-12-26,5.458996622161051
2025-12-29,5.4097747166186885
2025-12-30,5.296620910774175
2025-12-31,5.261543230962378
2026-01-05,5.371302422631553
2026-01-06,5.417695483027803
2026-01-07,5.384315110303673
2026-01-08,5.380354727099114
2026-01-09,5.426182018466141
2026-01-12,5.530849288872314
2026-01-13,5.539901593339875
2026-01-14,5.612885798109586
2026-01-15,5.581768501502346
2026-01-16,5.576110811210119
2026-01-19,5.660410396564281
2026-01-20,5.703408842785196
2026-01-21,5.870310706405851
2026-01-22,5.8499430213538375
2026-01-23,6.006095273419264
2026-01-26,6.179786365390589
2026-01-27,6.185444055682815
2026-01-28,6.381200139793819
2026-01-29,6.734240014028696
2026-01-30,6.227876732874506
2026-02-02,5.60496503170047
2026-02-03,5.895770312720865
2026-02-04,6.147537530724904
2026-02-05,5.952912984672343
2026-02-06,5.8589953258213985
2026-02-09,6.063803714399965
2026-02-10,6.035515262938837
2026-02-11,6.085868706539644
2026-02-12,6.0643694834291875
2026-02-13,5.982332974191916
2026-02-24,6.194496360150376
2026-02-25,6.199588281413378
2026-02-26,6.173562906069142
2026-02-27,6.184878286653593
2026-03-02,6.458710496797311
2026-03-03,6.3693189901801475
2026-03-04,6.211469431027053
2026-03-05,6.202417126559492
2026-03-06,6.1509321449002385
2026-03-09,6.148103299754126
2026-03-10,6.197890974325711
2026-03-11,6.208074816851717
2026-03-12,6.187707131799705
2026-03-13,6.110762543825437
2026-03-16,6.032686417792723
2026-03-17,6.017410654003715
2026-03-18,5.999871814097816
2026-03-19,5.728302680070987
2026-03-20,5.5981758033498
2026-03-23,5.057866380442256
2026-03-24,5.162623297567131
2026-03-25,5.250895489544813
2026-03-26,5.27998611158322
2026-03-27,5.442235862838137
2026-03-30,5.42703759448389
2026-03-31,5.273202278795191
2026-04-01,5.297803371515319
2026-04-02,5.2287737247678026
2026-04-03,5.117152637957488
2026-04-07,5.126896862319388
2026-04-08,5.323379722266034
2026-04-09,5.296748135163988
2026-04-10,5.49459301397587
2026-04-13,5.586334116402613
2026-04-14,5.720726344206144
2026-04-15,5.607958105660954
2026-04-16,5.774529073648698
2026-04-17,5.770384525445278
2026-04-20,5.739212079654923
2026-04-21,5.829828710766106
2026-04-22,5.829296317765322
2026-04-23,5.709998505869698
2026-04-24,5.860684824392318
2026-04-27,5.913618535663189
2026-04-28,5.789904010532354
2026-04-29,6.088660043412303
2026-04-30,6.070395143625283
2026-05-06,6.268127814046865
2026-05-07,6.210358398636578
2026-05-08,6.075756078527806
2026-05-11,6.096635195067559
2026-05-12,5.988465113112108
2026-05-13,5.992863920753123
2026-05-14,5.801845848155342
2026-05-15,5.793147310494535
2026-05-18,5.790700212620972
2026-05-19,5.764383763976789
2026-05-20,5.844265394513849
2026-05-21,5.762424891971659
2026-05-22,5.85255210350813
2026-05-25,5.746479363486266
2026-05-26,5.753238128442419
2026-05-27,5.698079348666025
2026-05-28,5.675574404173203
2026-05-29,5.540728567983354
2026-06-01,5.499994534891906
2026-06-02,5.528029920578981
2026-06-03,5.456622410922129
2026-06-04,5.354745548473715
2026-06-05,5.31242507973643
2026-06-08,5.16178531575872
2026-06-09,5.352250792971872
2026-06-10,5.21353817259026
2026-06-11,5.18190196092428
2026-06-12,5.259775712717464
2026-06-15,5.493396968097018
2026-06-16,5.546935172454833
2026-06-17,5.544501617711296
2026-06-18,5.512865406045314
2026-06-22,5.473928530148722
2026-06-23,5.288978369639908
2026-06-24,5.32061458130589
2026-06-25,5.371719230920168
2026-06-26,5.250041493743316
2026-06-29,5.298712588614056
2026-06-30,5.36198501194602
2026-07-01,5.374152785663704
2026-07-02,5.250041493743316
2026-07-03,5.271943486435149
2026-07-06,5.281677705409297
2026-07-07,5.276810595922224
2026-07-08,5.2086710631031865
2026-07-09,5.269509931691612
2026-07-10,5.288978369639908
2026-07-13,5.2743770411786866
2026-07-14,5.27924415066576
2026-07-15,5.323048136049428
2026-07-16,5.271943486435149
2026-07-17,5.1259302018229285
2026-07-20,5.099161099644021
2026-07-21,5.18190196092428
2026-07-22,5.18190196092428
2026-07-23,5.184335515667816
2026-07-24,5.118629537592317
2026-07-27,5.1526993040018345
2026-07-28,5.031021566824984
2026-07-29,5.045622895286206
2026-07-30,4.965315588749484
2026-07-31,5.138097975540614
2026-08-03,5.174601296693668
2026-08-04,5.332782355023576
2026-08-05,5.515298960788852
