code,name,industry,quality_score,pe_percentile,pb_percentile,pe,pb,cash_gap,profit_gap,cfo_net_rate,ar_op_ratio,report_date
002926,华西证券,J67资本市场服务,0.464859437751004,20.0,18.5,14.07,0.87,,0.24115321312612448,701.303843288997,,20260331
000792,盐湖股份,C26化学原料和化学制品制造业,0.4438648622918985,39.7,44.5,14.16,3.27,-1.2491414435165522,0.8195148829922156,0.19675712149548133,0.1166498404109868,20260331
300059,东方财富,J67资本市场服务,0.3976412653128402,11.6,21.1,24.2,3.32,-1.1097420774191415,0.08485519606625247,25.893400349762516,0.5199315586327531,20260331
600233,圆通速递,G60邮政业,0.3426037350691258,30.9,36.3,13.15,1.76,-0.5550840122491063,0.5655522503226891,-0.01651986686450665,1.4871818555626868,20260331
601021,春秋航空,G56航空运输业,0.3397496181561641,46.5,1.8,17.07,2.4,-0.42477271059865274,0.3055519055768161,-0.0421895500146158,0.7379081042669713,20260331
002120,韵达股份,G60邮政业,0.3357083918438549,39.1,3.3,14.85,0.93,-0.49530073456506685,0.32505388867319973,-0.054428460292921824,0.8530236256610377,20260331
600150,中国船舶,C37铁路、船舶、航空航天和其他运输设备制造业,0.325767831496959,1.5,6.8,22.95,1.74,-2.4126014530497093,1.4887940737935974,0.03877547077457413,4.480995078886613,20260331
600598,北大荒,A01农业,0.32408916963100526,2.2,2.3,18.06,2.54,-0.1990169562919194,-0.02460612774317883,0.7638928934726423,,20260331
600346,恒力石化,C26化学原料和化学制品制造业,0.3169903480842038,49.1,22.5,13.26,1.68,-1.0247260583979783,1.1719073847262447,-0.17310923398492958,1.0460247367637507,20260331
300558,贝达药业,C27医药制造业,0.3099351909289997,36.9,27.9,55.81,3.62,-1.2391166560507538,1.165429987113317,-0.09720164396940001,2.03306179933832,20260331
600519,贵州茅台,C15酒、饮料和精制茶制造业,0.30762509257526777,12.8,4.4,20.08,6.13,-0.3140311436957245,-0.05186883082592919,0.22421286952794844,0.004908271160418196,20260331
601888,中国中免,L72商务服务业,0.3055511614584784,23.1,2.9,28.85,2.04,-0.11494011145501748,0.09937787801747566,-0.024324640066527955,0.07894591582189127,20260331
000895,双汇发展,C13农副食品加工业,0.2944398445857611,36.0,23.3,16.81,3.9,-0.0899761909315504,0.1057501270257577,-0.02850845785960879,0.5079570787086468,20260331
000568,泸州老窖,C15酒、饮料和精制茶制造业,0.2791932705077776,17.4,3.5,13.21,2.55,-0.14779434859990226,-0.05011049472647422,0.15707829960023675,0.04127330463021197,20260331
300999,金龙鱼,C13农副食品加工业,0.2754457588101867,3.7,3.9,39.19,1.46,-0.25767723309857615,0.2674096620506663,-0.06438812311295446,1.8552829126885892,20260331
603345,安井食品,C13农副食品加工业,0.2707797906391324,37.8,16.5,18.72,1.78,-0.2752997231877037,0.185935744474218,0.021962948512456674,3.0920317853549477,20260331
600685,中船防务,C37铁路、船舶、航空航天和其他运输设备制造业,0.2704007358683369,2.3,36.9,30.61,2.05,-1.0148821481796912,0.5729317976135366,0.02556560102905861,6.8638448495952655,20260331
605499,东鹏饮料,C15酒、饮料和精制茶制造业,0.2602625820400325,0.7,2.7,18.92,4.77,-0.041763847824628275,0.0510871178596537,-0.03372442986818949,0.06937788404293711,20260630
600887,伊利股份,C14食品制造业,0.25560301487939935,9.3,8.0,13.8,2.8,-0.11815625133142327,0.06502385559643331,-0.037504939966220244,1.2786338261449453,20260331
300957,贝泰妮,C26化学原料和化学制品制造业,0.2548797680283798,15.7,2.9,26.34,2.29,-1.3588914356696091,1.0186948281761496,-0.25298136001784655,2.4320286890958625,20260331
300144,宋城演艺,R88文化艺术业,0.2514591417445433,30.3,2.6,20.83,2.08,-0.06003595422163699,-0.03515040944889192,0.10575431838325344,0.05743890254064999,20260331
600600,青岛啤酒,C15酒、饮料和精制茶制造业,0.24846999455672236,2.3,2.3,15.95,2.3,-0.06963751037892574,0.07909665442899949,-0.12231390101275236,0.038495878907002325,20260331
600754,锦江酒店,H61住宿业,0.24610902724600184,19.7,2.4,20.06,1.28,-2.7848041923240974,1.5521221903793663,-0.899519196572121,0.3287128177731973,20260331
600927,永安期货,J67资本市场服务,0.2454913110385467,3.8,15.6,23.9,1.45,-4.822120493773355,7.065328392440438,,,20260331
002461,珠江啤酒,C15酒、饮料和精制茶制造业,0.23989201532823312,2.7,16.7,21.42,1.77,-0.2080357305366467,0.08262672609592014,-0.2242304080668842,0.12603752778790334,20260331
601108,财通证券,J67资本市场服务,0.23694779116465864,9.5,29.3,13.37,1.04,,0.8299787611828384,,,20260331
600906,财达证券,J67资本市场服务,0.23393574297188754,11.4,8.9,24.13,1.7,,0.7353608730544894,,,20260331
603233,大参林,F52零售业,0.23336529250363433,8.9,24.2,16.46,2.76,-0.06370066284145581,0.08925870946068448,-0.063317981320247,1.2329370808982911,20260331
601066,中信建投,J67资本市场服务,0.23092369477911648,8.0,18.3,17.8,2.32,,0.596202594452347,,,20260331
688111,金山办公,I65软件和信息技术服务业,0.23080689067699592,5.7,7.7,35.09,8.42,-4.241017038941588,4.468248988484536,-0.11415694766235632,9.040022627460248,20260331
001286,陕西能源,D44电力、热力生产和供应业,0.23054078930308422,15.7,33.9,12.06,1.4,-0.1299379509847689,0.19700776337411874,-0.07048058269364436,2.422744991344825,20260331
601377,兴业证券,J67资本市场服务,0.22690763052208834,32.2,16.2,16.53,0.92,,0.5284698376777286,,,20260331
600816,建元信托,J69其他金融业,0.22590361445783133,47.0,35.3,23.0,1.67,,0.4455117979978459,,,20260331
601880,辽港股份,G55水上运输业,0.22567257214362652,20.4,17.2,24.51,0.88,-0.8452165714698158,0.6669801363295949,-0.38410185681873743,1.862709620666951,20260331
002299,圣农发展,C13农副食品加工业,0.2251789032541161,8.3,22.2,13.88,1.8,-0.3890848813092307,0.14647750041673513,-0.05467793656826423,4.566789423707792,20260331
002797,第一创业,J67资本市场服务,0.22389558232931728,0.2,15.8,26.86,1.59,,0.3813431433285541,,,20260331
601995,中金公司,J67资本市场服务,0.21987951807228914,3.1,10.5,14.99,1.65,,0.3183217103234426,,,20260331
603444,吉比特,I64互联网和相关服务,0.21804618527756836,19.2,43.0,13.94,4.71,-0.39363395128056045,0.14622496395061813,0.08934448423493466,10.562477437656279,20260331
600918,中泰证券,J67资本市场服务,0.2178714859437751,37.3,4.0,29.27,1.0,,0.286439184791766,,,20260331
601788,光大证券,J67资本市场服务,0.21586345381526104,10.1,7.3,16.84,1.1,,0.2588983867223009,,,20260331
601901,方正证券,J67资本市场服务,0.20983935742971888,3.5,4.0,13.77,1.12,,0.1896014738333942,,,20260331
000987,越秀资本,J69其他金融业,0.20509256247573188,2.3,43.0,9.47,1.18,-0.8691870765540424,0.8450325879524615,-1.5726278220750813,0.49923719507544073,20260331
603939,益丰药房,F52零售业,0.20475746135138728,6.2,5.8,15.74,2.28,-0.044881424867043496,0.10591104966963116,0.01698895155560003,3.4210218221723503,20260331
600958,东方证券,J67资本市场服务,0.20381526104417672,0.4,13.7,11.71,0.96,,0.11772138058480253,,,20260331
601696,中银证券,J67资本市场服务,0.19477911646586346,8.9,27.6,29.62,1.72,,0.10108111511619966,,,20260331
601816,京沪高铁,G53铁路运输业,0.19088302377628016,9.0,13.7,18.87,1.2,0.08334857150386821,0.028239593401713226,-0.016397491756726636,0.5513062079196304,20260331
000623,吉林敖东,C27医药制造业,0.18605484160808183,5.7,38.2,7.97,0.69,-0.721459722179442,0.8458793861105366,-1.2473316161854102,1.147966017733582,20260331
002415,海康威视,C39计算机、通信和其他电子设备制造业,0.18479906161037615,44.4,48.7,21.54,4.2,-0.16785708643723196,0.3669275143234736,-0.045493827269178985,9.09340578888007,20260630
688617,惠泰医疗,C35专用设备制造业,0.18381475477337586,3.5,19.3,35.26,10.3,0.05730096905579529,-0.016041171233201812,0.07062123426046209,0.7142832227052981,20260331
601456,国联民生,J67资本市场服务,0.18373493975903615,2.7,2.7,24.11,0.96,,0.07782909255392778,,,20260331
300015,爱尔眼科,Q84卫生,0.1811211749274811,4.9,3.3,24.66,3.61,0.025075102417252193,0.05109588759067929,0.10913102989101507,3.3712942954357765,20260331
300919,中伟新材,C39计算机、通信和其他电子设备制造业,0.17771608798789523,41.1,30.7,23.62,1.81,-0.2892178539313943,0.8250128967588677,-0.05539046053872675,15.825805569300863,20260331
300953,震裕科技,C33金属制品业,0.17688971367749257,0.6,41.8,31.94,4.87,-2.3407274746133258,2.540761265433692,-0.07221702054141611,41.336623964443554,20260331
688475,萤石网络,C39计算机、通信和其他电子设备制造业,0.17634981512974243,9.2,20.6,36.37,4.16,-0.2412499970566797,0.19653564841386717,-0.10513456708704336,6.063602288644346,20260630
688188,柏楚电子,I65软件和信息技术服务业,0.17525240091752042,6.2,21.0,36.46,6.69,-0.15925186069349584,0.11077504648264225,0.25151375782014707,26.81618035121961,20260331
601990,南京证券,J67资本市场服务,0.1746987951807229,10.4,3.7,27.67,1.28,,0.05548902807847467,,,20260331
601878,浙商证券,J67资本市场服务,0.17369477911646586,4.3,3.5,16.8,1.16,,0.05368423816438117,,,20260331
002568,百润股份,C15酒、饮料和精制茶制造业,0.171182428033966,26.1,7.6,30.37,4.05,-0.08861978258867675,0.0340338498786541,-0.18804073385048864,1.2322646473883196,20260331
601318,中国平安,J68保险业,0.16967871485943775,12.0,33.5,7.35,0.96,,0.0502338390906828,,,20260331
000166,申万宏源,J67资本市场服务,0.1686746987951807,5.9,4.8,11.83,1.02,,0.04955799324797949,,,20260331
601136,首创证券,J67资本市场服务,0.16666666666666666,5.4,5.9,37.03,2.88,,0.04526889344289109,,,20260331
600941,中国移动,I63电信、广播电视和卫星传输服务,0.16321691291780158,41.7,30.7,15.4,1.47,-0.12151151617013989,-0.054286778686534864,-0.01966143505121534,2.1069057559373077,20260331
688615,合合信息,I65软件和信息技术服务业,0.15296234647885926,7.4,8.9,46.21,7.37,-0.11000979892629492,0.06488798030025755,0.2807417141531485,17.844285406013455,20260331
600276,恒瑞医药,C27医药制造业,0.1528302947809178,8.2,5.6,43.67,5.57,-0.1497599777684402,0.12023073651884175,-0.1542730511111388,4.824199547645939,20260331
002939,长城证券,J67资本市场服务,0.15160642570281124,2.4,10.6,14.16,1.03,,0.013201614328193001,,,20260331
300832,新产业,C27医药制造业,0.15014668487655636,5.9,3.1,22.68,3.88,-0.17491303708128536,0.02298727760007413,0.10616553508060221,12.095408368838036,20260331
002352,顺丰控股,G60邮政业,0.14945552411887264,4.2,4.9,15.9,1.81,-0.08988856304617143,0.05967011294449609,-0.15238687902479037,2.82080150241513,20260331
600018,上港集团,G55水上运输业,0.14930714760013877,47.5,6.7,8.84,0.83,-0.06544098859781011,0.01647258483585401,-0.2486154061814279,0.9649055868721789,20260331
000728,国元证券,J67资本市场服务,0.14859437751004015,19.0,15.0,13.78,0.83,,0.00863480448545384,,,20260331
002500,山西证券,J67资本市场服务,0.14759036144578314,4.6,14.3,20.96,1.04,,0.008159664812178224,,,20260331
603659,璞泰来,C39计算机、通信和其他电子设备制造业,0.14674523045427906,16.8,29.8,20.15,2.47,-0.23250873995143762,0.09744486972666966,-0.3155511959374806,3.1051679523370246,20260331
601881,中国银河,J67资本市场服务,0.14558232931726908,23.5,19.0,10.75,1.14,,0.006625811725215147,,,20260331
000708,中信特钢,C31黑色金属冶炼和压延加工业,0.13410745213363306,38.2,25.4,11.94,1.62,-0.07704549670331051,0.042513308885053225,-0.3184895374528892,1.2879642812901264,20260331
600809,山西汾酒,C15酒、饮料和精制茶制造业,0.1316728819305874,2.7,2.6,13.54,3.3,0.32719251964080664,-0.08865099198349213,0.16456984629146582,5.6824182963674454e-05,20260331
600378,昊华科技,C26化学原料和化学制品制造业,0.12792343334758763,45.2,31.2,34.12,2.88,-0.3820235049736662,0.5522899875770932,-1.0389298561257414,2.3526427628926605,20260331
688065,凯赛生物,C28化学纤维制造业,0.12444124191112517,8.7,5.4,56.09,1.85,-0.1490664837942144,0.0629211409703978,-0.3830491964280252,2.358015440296273,20260331
002736,国信证券,J67资本市场服务,0.12048192771084337,10.8,17.4,9.73,1.05,,-0.030685422283887043,,,20260331
600436,片仔癀,C27医药制造业,0.11819498158987612,31.8,4.0,43.61,5.45,-0.08338319414909356,-0.13320153922233813,0.32045982535613926,4.114021931718886,20260331
603288,海天味业,C14食品制造业,0.1175471436038336,4.5,4.5,30.01,5.2,0.038573683007911086,0.019899224197573284,-0.2936445047569845,0.37014336140943405,20260331
000883,湖北能源,D44电力、热力生产和供应业,0.11660699613333086,42.5,22.4,16.3,0.89,-0.4161890190458204,0.38250556434631267,-0.9581958634033165,3.0787459033168476,20260331
000750,国海证券,J67资本市场服务,0.11646586345381527,17.7,44.8,29.85,1.08,,-0.041320681635250045,,,20260331
600027,华电国际,D44电力、热力生产和供应业,0.11368409765786454,35.4,21.2,9.45,1.11,0.0549084262266899,0.10524127418750617,-0.06550384783675806,4.090058443670212,20260331
300012,华测检测,M74专业技术服务业,0.108650541426736,22.6,19.0,22.56,3.03,-0.16555577381422903,0.16558370362157637,-0.16073456099026495,11.27441159614368,20260331
603369,今世缘,C15酒、饮料和精制茶制造业,0.10600865030104596,14.3,3.5,14.68,1.92,0.008795437850902199,-0.0052643149725351,-0.4152042834054445,0.015816241089259987,20260331
600570,恒生电子,I65软件和信息技术服务业,0.1043377683932199,17.1,8.7,32.65,4.38,-3.3353680134639827,3.058148848006785,-1.8027914211912432,5.853713867936299,20260331
002709,天赐材料,C39计算机、通信和其他电子设备制造业,0.10245029070561615,41.0,37.4,26.39,3.96,-9.67021744384386,8.566637706875103,-0.7996019079197786,11.625522033150542,20260331
600109,国金证券,J67资本市场服务,0.10240963855421686,9.2,13.2,13.65,0.9,,-0.0687826305166348,,,20260331
600763,通策医疗,Q84卫生,0.09960678395990871,4.1,3.5,32.33,3.69,0.006255051945996737,-0.005287745522684517,0.06895530393187999,7.178878232920322,20260331
600166,福田汽车,C36汽车制造业,0.0987704141488154,22.4,49.1,17.06,1.52,0.14162405327477634,0.1153940944754197,-0.19523135302882866,1.924297876666254,20260331
600132,重庆啤酒,C15酒、饮料和精制茶制造业,0.09856332138840455,2.8,5.8,18.55,12.13,0.0892457183621933,0.008668194282789865,-0.2576747798094149,0.14358823835493484,20260331
600085,同仁堂,C27医药制造业,0.09373733294397636,29.8,3.5,32.78,2.51,-0.05320744581625325,-0.12888950135725452,-0.034646111772296574,2.5251915029432976,20260331
601601,中国太保,J68保险业,0.08835341365461848,2.6,17.7,5.67,0.96,,-0.10259428437952467,,,20260331
601139,深圳燃气,D45燃气生产和供应业,0.08567401103690794,3.0,3.5,12.06,1.13,-0.32151137578464695,0.20775965878206137,-0.8191578112402785,4.5873561230118955,20260331
002078,太阳纸业,C22造纸和纸制品业,0.08446900648707872,41.3,8.2,12.12,1.27,0.04074849727224983,-0.014643880018586186,-0.03864831307542167,3.751394997644459,20260331
601098,中南传媒,R86新闻和出版业,0.08235650847209015,37.9,15.5,12.26,1.19,-0.1762517766304985,0.0019657252386833246,-0.41295359180943775,2.6932013512510022,20260331
600886,国投电力,D44电力、热力生产和供应业,0.08096576053893326,24.2,42.5,16.19,1.74,-0.015296210211155126,0.058650652728657104,-0.8476917589756708,0.681248642303285,20260331
601555,东吴证券,J67资本市场服务,0.07931726907630522,7.2,41.8,12.06,0.93,,-0.12076901718358457,,,20260331
600674,川投能源,D44电力、热力生产和供应业,0.07406098099746226,28.0,15.7,15.85,1.62,-0.046264593955850586,0.06408490199834571,-0.7746725528851797,1.4128740511920703,20260331
601117,中国化学,E48土木工程建筑业,0.07281896429427118,5.9,6.3,7.2,0.69,-0.15411158570268813,0.04063380312887643,-0.38503652803878446,4.025597467497626,20260331
600741,华域汽车,C36汽车制造业,0.07041897002051982,7.7,1.6,7.11,0.75,0.03895477534786329,0.08470018248483568,-0.20989866120387107,3.878356916671913,20260331
002472,双环传动,C36汽车制造业,0.06754985050561099,21.1,43.1,26.0,3.2,0.013123831945007769,0.007517781992368855,0.10907481362361073,16.672416143859568,20260331
601059,信达证券,J67资本市场服务,0.06526104417670683,8.1,19.8,27.6,2.53,,-0.16989419180858345,,,20260630
002049,紫光国微,C39计算机、通信和其他电子设备制造业,0.06451972139092205,31.2,6.6,33.46,3.97,-1.6784676420475506,1.495953381580629,-0.479336716543394,119.64899918466297,20260331
600369,西南证券,J67资本市场服务,0.0642570281124498,8.2,39.6,24.82,1.05,,-0.17548790511095858,,,20260331
600098,广州发展,D44电力、热力生产和供应业,0.06055317955966816,2.2,17.2,9.43,0.82,0.048359665175335964,0.09592762683222822,-0.253312941354959,3.767532287118955,20260331
601236,红塔证券,J67资本市场服务,0.05923694779116466,7.8,5.4,30.04,1.31,,-0.18564211267310393,,,20260331
688169,石头科技,C39计算机、通信和其他电子设备制造业,0.05818162951103292,18.6,3.4,19.96,1.98,-0.1438020542680032,-0.0941627458841825,-0.3830667146943186,1.4527094256588924,20260331
002318,久立特材,C33金属制品业,0.05809604685465822,25.0,1.5,13.31,2.21,-0.2891027694343016,0.32279750999822554,-0.33054743643422385,30.174913389978215,20260331
002673,西部证券,J67资本市场服务,0.0572289156626506,4.5,8.7,17.42,1.0,,-0.19748888353398886,,,20260331
688018,乐鑫科技,I65软件和信息技术服务业,0.05177495056759235,5.5,38.2,43.27,5.25,-0.010249020444660806,0.0364680239960562,0.027520855362571116,30.971467983501533,20260630
002340,格林美,C42废弃资源综合利用业,0.0502285037288292,2.2,14.2,21.64,1.58,0.12985972035485083,0.09648564133756632,-0.46528660675037165,1.4113999204536607,20260331
605117,德业股份,C38电气机械和器材制造业,0.04725741502073927,46.7,47.5,28.75,9.08,-0.1349638064268639,-0.06303534309930892,0.3791470194525662,159.1297040627493,20260331
600380,健康元,C27医药制造业,0.046290244663624476,15.5,3.1,14.18,1.19,-0.041268124796895234,-0.006971624143378596,-0.8292735078216432,0.6934678481150975,20260331
601628,中国人寿,J68保险业,0.045180722891566265,8.7,24.2,7.35,1.78,,-0.24892308052481593,,,20260331
002945,华林证券,J67资本市场服务,0.04417670682730924,26.1,34.5,82.47,5.57,,-0.249527986691096,,,20260331
601607,上海医药,F52零售业,0.04235558819281238,15.3,4.0,10.62,0.8,-0.03532682753378058,0.06131451772380392,-0.31782570535846255,5.675177551478569,20260331
300750,宁德时代,C38电气机械和器材制造业,0.039708181899690026,26.5,32.6,21.51,4.82,-0.08196699904259819,-0.21843886800410783,0.12294508372372297,9.21121894124823,20260630
600023,浙能电力,D44电力、热力生产和供应业,0.032422367687823056,29.8,34.0,9.0,0.86,-0.034393847523779164,-0.2592978033057525,0.08472634195923359,5.095582012891945,20260331
688411,海博思创,C38电气机械和器材制造业,0.03142170797729679,44.4,45.2,36.21,7.69,-0.6843964959125646,0.6597041421858563,-0.5402147068784956,67.11793587324449,20260331
600196,复星医药,C27医药制造业,0.03127713166887913,4.9,3.1,17.81,1.26,-0.07675162612039355,-0.057087096534568005,-0.3448276994900155,2.447799705597794,20260331
601319,中国人保,J68保险业,0.03112449799196787,12.8,31.9,7.42,0.99,,-0.3339673247588957,,,20260331
000921,海信家电,C38电气机械和器材制造业,0.028991544547007905,43.1,36.2,12.0,2.01,0.02892697977688541,0.0590756438716159,-0.6279733522875556,2.271674316326009,20260331
000513,丽珠集团,C27医药制造业,0.02825569578464613,3.1,2.9,13.94,1.89,-0.005755481365299686,-0.012104442423870432,-0.9030627423988691,0.6417731706710453,20260331
000963,华东医药,F52零售业,0.027857735341563952,1.1,1.1,14.27,1.94,-0.05829433019119312,0.01816061718993356,-0.3863036455679493,4.314361786786694,20260331
000088,盐田港,G55水上运输业,0.0266692376435987,5.4,40.8,16.0,1.28,-0.14731919876464694,-0.07388452965237513,-0.7456703583071912,1.3290538027119156,20260331
600968,海油发展,B11开采专业及辅助性活动,0.023065424515559707,5.5,19.0,10.17,1.32,-0.046093513103538486,0.10799586432091934,-0.25970206114698724,17.03034414885493,20260331
003031,中瓷电子,C39计算机、通信和其他电子设备制造业,0.020389100841213953,39.6,41.1,71.46,6.85,-0.5111079645492786,-0.2678553887790782,0.37832810515928145,153.42370922423606,20260331
600062,华润双鹤,C27医药制造业,0.020090875346927536,0.5,12.3,10.42,1.4,0.04729940283827483,0.032545934067561344,-0.6119251230587405,1.7318412153188427,20260331
301606,绿联科技,C39计算机、通信和其他电子设备制造业,0.009562711220252595,2.2,20.0,27.48,6.01,0.14875104514255333,0.02825472473595414,-0.14072879490424822,4.726218218321784,20260331
001221,悍高集团,C33金属制品业,0.006055402612882996,8.9,8.9,22.47,5.47,0.2998562557508906,-0.0032169756014159834,-0.2602044255427092,1.3714859150875416,20260331
300896,爱美客,C35专用设备制造业,0.005655462270200383,16.4,4.0,27.72,4.03,0.588341550670863,-0.2636732161474963,0.14197250803715317,1.141153303861719,20260331
600011,华能国际,D44电力、热力生产和供应业,0.004492926442121729,42.4,7.7,8.13,1.62,0.06230185489457751,-0.002685798128169381,-0.7142449752037856,1.2551044173615256,20260331
002410,广联达,I65软件和信息技术服务业,0.002929518297209721,6.6,4.5,39.17,2.64,-0.35742492362441236,0.2407515603766145,-0.7958522671202052,27.48068574096242,20260331
688772,珠海冠宇,C38电气机械和器材制造业,0.0017574962814044248,32.7,11.9,40.86,2.33,-2.259496067586589,-0.3216852535019763,-0.061446505083374216,15.983859694985169,20260331
000538,云南白药,C27医药制造业,-0.0016875259063878212,4.8,7.2,17.55,2.19,0.00512021650102823,-0.02310367557282711,-0.15744977730045678,8.497970159503247,20260331
600486,扬农化工,C26化学原料和化学制品制造业,-0.0020602557208401207,37.3,2.9,17.82,1.89,0.15257258911868732,-0.12967947389846435,0.170214218761701,6.808522138012259,20260331
601877,正泰电器,C38电气机械和器材制造业,-0.0038357581168727006,28.8,34.7,12.08,1.22,-0.14306277897719266,-0.26304460148530806,-0.18030143901834406,3.75241131148738,20260331
002032,苏泊尔,C38电气机械和器材制造业,-0.008131373475104509,5.4,5.1,16.63,4.96,0.0779100695348578,0.013060922257666752,-0.04060799100603437,18.663187504138545,20260331
300450,先导智能,C35专用设备制造业,-0.008336384722679752,41.1,33.0,35.83,3.22,0.02932184509730784,-0.08674863026226687,0.10085706053738958,26.66894704818795,20260331
600871,石化油服,B11开采专业及辅助性活动,-0.010384266071017112,44.4,39.5,65.81,4.42,0.06825456835645294,-0.09652744332392404,-0.16993100723021148,3.058211181585807,20260331
002430,杭氧股份,C35专用设备制造业,-0.013946804276970148,35.4,14.6,23.45,2.3,0.006258724847026276,-0.016970191347705388,-0.07688720353560431,18.517137259505475,20260331
603596,伯特利,C36汽车制造业,-0.01850331816211573,2.4,2.4,18.32,2.97,0.032207712290769575,-0.01125915474143624,-0.039590613647736216,31.711647162946335,20260331
002444,巨星科技,C33金属制品业,-0.023831738546647357,9.9,23.4,13.69,1.84,0.018772785342595855,0.002267937135780329,-0.05336989782474331,73.65885070278806,20260331
601799,星宇股份,C36汽车制造业,-0.02392629620760256,1.5,1.5,16.38,2.35,-0.03865692682697364,-0.05503660953579459,0.033129549751935175,981.3536103574623,20260331
600690,海尔智家,C38电气机械和器材制造业,-0.02487961038448462,8.6,6.5,11.27,1.68,0.12744561410226896,-0.10421824707322724,-0.2673921426767712,1.542365572997866,20260331
300760,迈瑞医疗,C35专用设备制造业,-0.025882632758576954,11.2,3.9,23.87,4.66,0.1450392715252955,-0.18574321630615143,-0.10063566136563719,2.162799496479445,20260331
000651,格力电器,C38电气机械和器材制造业,-0.025884492343119805,48.4,8.3,7.78,1.49,-0.28274128131694287,-0.025285008511608975,-1.9375126852636573,3.5859462534396385,20260331
002241,歌尔股份,C39计算机、通信和其他电子设备制造业,-0.027568044112242895,21.8,34.0,20.66,2.2,-0.028704944954052847,-0.024632781535586457,-0.044414842936354615,136.89176617425213,20260331
600765,中航重机,C37铁路、船舶、航空航天和其他运输设备制造业,-0.030661582379248653,49.2,2.8,37.46,1.49,0.111753189966044,0.08273316165919864,-0.13948244806714644,26.516233152233774,20260331
300496,中科创达,I65软件和信息技术服务业,-0.031847016095307046,42.0,23.7,61.93,2.74,0.11177465489526628,-0.040638537109759953,0.03272988071169939,21.850806668030316,20260331
000768,中航西飞,C37铁路、船舶、航空航天和其他运输设备制造业,-0.035181913848553875,2.9,2.9,52.74,2.6,-0.011401976097375699,0.05174838303014384,-0.9964347922004787,4.604169346358081,20260331
603816,顾家家居,C21家具制造业,-0.03525156629258931,9.2,2.6,11.74,1.87,0.15253360136768757,-0.10525671490714927,-0.2575350481514318,1.8511056037851776,20260331
600298,安琪酵母,C14食品制造业,-0.039385759987553656,37.7,33.0,23.05,2.96,0.031299387163240544,-0.07034611374846489,-0.19596215535560316,6.406716580025819,20260331
603179,新泉股份,C36汽车制造业,-0.040779390494939866,41.0,10.7,34.85,3.7,0.00925962022779303,-0.05132089993526345,0.001389998843468592,339.48303945931366,20260630
000596,古井贡酒,C15酒、饮料和精制茶制造业,-0.042101149898757316,28.7,3.1,17.1,1.85,0.22389257242308713,-0.11945712688349108,-0.5207579522027431,0.02901480275131362,20260331
603049,中策橡胶,C29橡胶和塑料制品业,-0.04919033314967644,26.3,24.2,10.27,1.69,0.0221233290575078,0.03805382908331589,-0.3160510140166764,17.918999740502656,20260331
002508,老板电器,C38电气机械和器材制造业,-0.049651763837695345,21.3,2.2,12.22,1.27,0.010718617898288874,-0.034509433295054404,-0.4484121833756654,4.907269336503852,20260331
603605,珀莱雅,C26化学原料和化学制品制造业,-0.04995470842517298,4.5,2.7,15.85,3.68,0.14885815958832838,-0.06915268866396196,-0.07599734936631168,7.35102564280949,20260331
600363,联创光电,C39计算机、通信和其他电子设备制造业,-0.05297870895265416,1.2,4.4,27.63,2.72,0.2569482797216841,-0.0784463214078891,0.02868947143421871,10.186418162153906,20260331
300442,润泽科技,I65软件和信息技术服务业,-0.053008752183587374,34.1,44.4,21.45,7.81,-0.8984313197441285,-0.1303526605294658,-0.48182133863058635,9.901534104004963,20260331
000887,中鼎股份,C29橡胶和塑料制品业,-0.05433624057900682,32.4,42.6,15.99,1.65,0.1182415229079653,-0.09590876754050226,-0.02417031401063393,13.3789417423834,20260331
601058,赛轮轮胎,C29橡胶和塑料制品业,-0.05750130022550208,32.6,6.2,12.68,2.0,0.06869845173659783,-0.06777257969069783,-0.1417870929394762,8.811787986010385,20260331
001391,国货航,G56航空运输业,-0.058523706415141014,6.5,6.5,21.33,1.94,0.24837574706846,-0.18107399719417216,0.04920046100250878,7.615965427815746,20260331
603737,三棵树,C26化学原料和化学制品制造业,-0.06685392951072672,21.6,8.4,27.03,6.99,0.05833359788535697,-0.11693939681862009,-0.1345901567566998,8.595357428900657,20260331
603092,德力佳,C34通用设备制造业,-0.06939140898522725,10.6,10.6,22.74,3.56,0.02896846698193256,0.1070251101306463,-0.3628037866429002,160.7998864834694,20260331
001386,马可波罗,C30非金属矿物制品业,-0.07182792106083438,14.1,14.1,15.31,1.47,0.17775227988525288,-0.007995554608276612,-1.002873005121522,1.3915681733203673,20260331
300628,亿联网络,C39计算机、通信和其他电子设备制造业,-0.07198011773849505,31.2,24.9,18.64,5.03,0.49548217613954915,-0.017408155667215874,0.07550284446331773,19.734657163177268,20260331
600332,白云山,C27医药制造业,-0.07428893688757329,27.8,3.4,12.08,0.9,0.11088384937863627,-0.04700430164078473,-0.49089210542237977,3.2314319039200625,20260331
002044,美年健康,Q84卫生,-0.0748361010933345,49.1,17.4,62.24,2.41,-4.5174308000439645e-05,-0.02566486167461035,-0.7593819264961029,4.851547204883517,20260331
603899,晨光股份,C24文教、工美、体育和娱乐用品制造业,-0.0787830639866945,6.1,4.1,15.99,2.21,0.06891266424996756,-0.1167705152309989,-0.1322469520904351,9.621856845419602,20260331
002920,德赛西威,C39计算机、通信和其他电子设备制造业,-0.07966399837043792,3.1,3.1,23.76,3.66,0.35199382483897246,-0.11299118052735913,-0.07777776519539514,4.7853096511612225,20260331
600760,中航沈飞,C37铁路、船舶、航空航天和其他运输设备制造业,-0.08131771013509806,18.2,3.1,37.54,5.13,0.3931434524907723,-0.06218051114753287,0.31457911009442246,46.28420327112947,20260331
002236,大华股份,C39计算机、通信和其他电子设备制造业,-0.08401503159226548,39.1,20.6,14.35,1.46,0.053436385001681685,-0.0037249851603529116,-0.1997285449367762,30.450508325211054,20260331
603606,东方电缆,C38电气机械和器材制造业,-0.08417467471222059,8.6,3.6,24.87,3.98,-0.12217445608906852,-0.19932013405282833,-0.12623182170655334,36.059363428194935,20260630
000786,北新建材,C30非金属矿物制品业,-0.08467868757971278,5.8,1.6,11.18,1.15,0.14338453702325982,-0.027231663903594105,-0.8961719241495232,2.02086084001124,20260331
002608,江苏国信,D44电力、热力生产和供应业,-0.08526720587860817,33.4,14.6,8.32,0.79,0.31507558085521137,-0.30377569922640857,-0.09237302683897908,2.6256665765383573,20260331
688692,达梦数据,I65软件和信息技术服务业,-0.09592594550604133,7.5,10.7,47.67,6.99,-0.31473377315158313,-0.015006707415484266,-0.6995669443814309,118.12297619814942,20260331
002402,和而泰,C39计算机、通信和其他电子设备制造业,-0.09694111970094958,17.3,17.2,29.04,2.8,0.0500358530784446,-0.09482260629553996,-0.1346483154110901,18.72708109271859,20260331
600862,中航高科,C37铁路、船舶、航空航天和其他运输设备制造业,-0.09739615997624679,19.5,2.6,28.06,3.27,0.3943161446494925,-0.08293324996651252,0.23188057027961662,48.79411733721735,20260331
600050,中国联通,I63电信、广播电视和卫星传输服务,-0.10626173333636951,16.5,23.7,16.14,0.82,0.18994587710848565,-0.18429941787793147,-0.13463276068194446,5.5173504844684,20260331
603658,安图生物,C27医药制造业,-0.1069248226585974,12.6,4.8,18.54,2.09,0.16161503421469592,-0.13050332494481753,-0.40389085945214254,2.704799930203982,20260331
002311,海大集团,C13农副食品加工业,-0.1078767248478866,35.5,5.5,20.28,3.1,0.36448163443933934,-0.3428223828421153,-0.0981632420402465,3.0501499815342923,20260331
688271,联影医疗,C35专用设备制造业,-0.10811898887893885,18.7,6.1,49.68,4.29,0.11954585396738038,0.04533118550662962,-0.8994455089391655,7.000136934256447,20260331
603568,伟明环保,N77生态保护和环境治理业,-0.11227638717177066,47.4,1.9,16.49,2.08,0.7168293375269014,-0.09724828017126952,0.09334968361478727,13.29109808798457,20260331
601766,中国中车,C37铁路、船舶、航空航天和其他运输设备制造业,-0.11465845013818352,11.2,17.7,12.81,0.99,0.08018058812662043,-0.016801753236298955,-0.61169553622408,7.218990533071107,20260331
600406,国电南瑞,I65软件和信息技术服务业,-0.11713846576971532,18.9,14.5,24.1,3.75,0.09122763912594811,-0.00833897628884861,-0.22484718058182288,35.41174388856135,20260331
600031,三一重工,C35专用设备制造业,-0.1173409142442246,25.7,25.6,21.33,1.98,0.1915814275165162,-0.13268971046544076,-0.38060648473035985,3.2088599998495226,20260331
600642,申能股份,D44电力、热力生产和供应业,-0.11869090591917068,31.1,45.4,10.76,1.07,0.1516185574404173,-0.07910584302399393,-0.15186793670294402,14.45931821446416,20260331
002517,恺英网络,I64互联网和相关服务,-0.12131139904303925,33.4,38.7,18.33,3.83,0.6080377625287796,-0.2412095462928514,0.042744828109694245,7.5905723861097725,20260331
600299,安迪苏,C14食品制造业,-0.12648183765284088,31.5,2.2,19.7,1.32,0.4350251424026984,-0.4037950487720816,-0.1666006807007952,1.9376876011130622,20260331
603486,科沃斯,C39计算机、通信和其他电子设备制造业,-0.1329770023988902,15.5,16.9,20.54,3.74,0.26579829976607205,-0.4389883264196187,-0.27916404865759686,2.0195788403522044,20260331
601399,国机重装,C35专用设备制造业,-0.13369049998988108,35.8,37.3,50.7,1.63,0.12655209809585588,0.10733436187436096,-1.2816650730555337,13.599562599390215,20260331
600511,国药股份,F51批发业,-0.13582050353405095,9.6,4.4,10.5,1.11,0.08953797988051115,-0.05638252272883992,-0.4376555227659573,10.121503879576846,20260331
601689,拓普集团,C36汽车制造业,-0.13794515087627912,23.1,5.7,31.26,3.52,0.25474304701938666,-0.12401024477397304,0.03393944032465726,307.0676310407449,20260331
300487,蓝晓科技,C26化学原料和化学制品制造业,-0.1388342685541204,45.3,30.8,36.45,7.25,0.16593724908606255,-0.1294753578033635,-0.018131032650123793,189.16539192676768,20260331
600660,福耀玻璃,C30非金属矿物制品业,-0.13917715025998675,6.1,45.7,16.52,3.8,0.2895693846292764,-0.2383657589238537,-0.31663520573054016,3.081391329445437,20260331
000999,华润三九,C27医药制造业,-0.1430578220501947,4.5,10.0,13.07,1.84,0.28507468847985007,-0.22439593797798385,-0.5303465012883913,1.753929054341335,20260331
688778,厦钨新能,C39计算机、通信和其他电子设备制造业,-0.14721725447791195,23.8,40.1,25.03,2.5,0.23265515911485912,-0.23533565792322042,0.035457908566642445,51.235086943829025,20260331
300724,捷佳伟创,C35专用设备制造业,-0.1472429451713735,21.2,1.9,9.46,1.52,0.5303505253037053,0.020073579678981712,-0.12445163029573726,54.09493488142801,20260331
603501,豪威集团,C39计算机、通信和其他电子设备制造业,-0.1484316255238044,22.8,0.3,30.03,3.37,0.5122152360127407,-0.377256652379622,-0.12030463378322465,3.509718118616488,20260331
600583,海油工程,B11开采专业及辅助性活动,-0.1499226601095185,28.3,18.0,12.6,0.86,0.2742212001642371,-0.1298417696016353,-0.10000444937462807,16.408039532697178,20260331
603786,科博达,C36汽车制造业,-0.1501095692397771,1.9,1.9,22.01,3.0,0.31112659308233637,-0.36967568886553837,-0.18821321047769562,3.921190009166084,20260331
603833,欧派家居,C21家具制造业,-0.15240677331034297,7.3,2.1,10.92,1.09,0.3590138590053249,-0.27280915230075176,-0.6160166382961382,1.1039557690929116,20260331
603160,汇顶科技,C39计算机、通信和其他电子设备制造业,-0.15438779626691476,24.3,2.1,32.35,2.62,0.4996007905006177,-0.2930551414541285,-0.4621791519782498,1.2872982469041518,20260331
600038,中直股份,C37铁路、船舶、航空航天和其他运输设备制造业,-0.15446880134055463,32.2,2.4,45.08,1.25,0.6457690255314364,-0.8606665307633545,0.2937534268975547,9.35581568015989,20260331
688009,中国通号,C37铁路、船舶、航空航天和其他运输设备制造业,-0.15583721306379844,35.9,11.5,14.73,1.12,0.0723608876694466,-0.04235678442882529,-0.6481547785092818,10.522324490190652,20260331
601018,宁波港,G55水上运输业,-0.1607617563720276,3.2,3.2,12.92,0.81,0.6181739144154562,-0.15098557818369795,-0.5602757563469725,1.297836103562778,20260331
002683,广东宏大,B11开采专业及辅助性活动,-0.16295863763317953,15.2,29.5,22.23,3.06,0.045162902174026076,-0.15037877216008244,-0.9381039993581851,4.692526386629996,20260331
688301,奕瑞科技,C35专用设备制造业,-0.16616030734385456,42.1,33.6,39.64,4.37,0.3237595727340421,-0.17751105325009986,-0.9021493195203042,1.4791492352082112,20260331
002984,森麒麟,C29橡胶和塑料制品业,-0.1663104917054226,39.0,3.0,15.62,1.12,0.426711055446119,-0.43032289524980316,-0.0512260886956723,8.281338011313576,20260331
300142,沃森生物,C27医药制造业,-0.16787724747654814,23.8,42.7,69.06,2.66,-41.039010042795546,-10.613547739476854,-0.5423499438236311,36.4393424977702,20260331
688278,特宝生物,C27医药制造业,-0.16910715412632674,3.3,3.1,23.18,6.47,0.5053806980616437,-0.2817903994102867,-0.08339329540474678,7.154163930084792,20260331
002594,比亚迪,C36汽车制造业,-0.1745432783061882,49.8,2.0,30.17,3.58,0.42520222114766204,-0.45570949990888854,-0.8215165490086563,0.4100989823868705,20260331
603529,爱玛科技,C37铁路、船舶、航空航天和其他运输设备制造业,-0.17722119849277476,14.3,3.7,11.38,1.87,0.8914567844970898,-0.5051269338975249,-0.4523353313460865,0.502729490288745,20260331
601633,长城汽车,C36汽车制造业,-0.17778057374178952,1.7,1.6,15.17,1.56,0.5617727278644099,-0.42790743350723537,-0.28302058272655106,2.2873158084752983,20260331
600930,华电新能,D44电力、热力生产和供应业,-0.18634332469967443,10.2,4.3,28.28,1.64,0.6224660308748766,-0.3714568661580737,-0.0501553628273938,8.788033599619254,20260331
601390,中国中铁,E48土木工程建筑业,-0.1903477483190328,49.9,2.1,5.22,0.34,0.42992473572173384,-0.11746195527234737,-1.1454295704778195,2.090840816191242,20260331
601717,中创智领,C35专用设备制造业,-0.1933921120141614,18.9,19.7,6.97,1.14,0.34798885464904816,-0.18356373730000708,-0.1903322469259702,13.186902326450335,20260331
002152,广电运通,C39计算机、通信和其他电子设备制造业,-0.19570775982200017,35.1,13.4,30.33,2.02,0.18683337943175649,0.026220211672836724,-2.1072435581540856,12.412966873820071,20260331
000528,柳工,C35专用设备制造业,-0.19645364148869737,15.6,36.6,11.12,0.91,0.20243161202371407,-0.21962855056025343,-0.4773638985103716,5.969971051215468,20260331
300623,捷捷微电,C39计算机、通信和其他电子设备制造业,-0.19704838188391266,28.8,5.4,43.65,3.31,0.19787422172845415,-0.3837229972005213,-0.02316702727382853,168.46937786535005,20260331
688819,天能股份,C38电气机械和器材制造业,-0.20815130163836246,44.7,2.1,17.72,1.29,0.8040791986355612,-0.769076807512184,-0.5243752146784775,1.0030280764985677,20260331
601808,中海油服,B11开采专业及辅助性活动,-0.2132403218642487,2.8,2.8,15.55,1.25,0.04795068253058454,-0.10561480316802241,-0.5490003634606652,38.9886373580517,20260331
689009,九号公司,C39计算机、通信和其他电子设备制造业,-0.21618686069004497,10.6,11.0,20.85,4.24,1.0550775816950633,-0.7753550403884901,-0.47990234512400315,1.206732140018447,20260331
301498,乖宝宠物,C13农副食品加工业,-0.21713726361657001,5.7,5.7,29.17,3.64,0.6726146225148437,-0.42181049236575685,-0.03775668399502597,15.629456383619145,20260331
600061,国投资本,J67资本市场服务,-0.21795965381540267,27.6,9.4,12.43,0.76,0.8045608630042047,-0.331046984478107,,0.06464928240613793,20260331
601865,福莱特,C30非金属矿物制品业,-0.21825755950852568,33.9,3.4,28.52,1.18,0.57767651053038,-0.4733206397858928,-0.07913167897783013,9.829754664280687,20260331
688187,时代电气,C37铁路、船舶、航空航天和其他运输设备制造业,-0.22716024725863948,8.3,17.7,16.16,1.54,0.46507414251114576,-0.13455820724940015,-0.9545044686506016,3.334218974893566,20260331
601966,玲珑轮胎,C29橡胶和塑料制品业,-0.2322202790363772,27.6,2.6,16.14,0.74,0.9039520976181638,-1.0378471034502108,-0.47229545303095943,1.6810705818527751,20260331
300627,华测导航,C39计算机、通信和其他电子设备制造业,-0.2395351128660968,13.2,14.8,34.06,5.21,0.6192581032339703,-0.16020272773000188,-0.7192255003495899,3.9573387356156373,20260331
600161,天坛生物,C27医药制造业,-0.24115775030601416,15.2,2.8,25.98,2.13,0.5224784914012854,-0.31650921089601447,-0.5917330553643811,3.4876850358150078,20260331
000997,新大陆,I65软件和信息技术服务业,-0.2435186178736818,29.7,28.8,19.5,2.54,0.6768807956665132,-0.4598280468309386,-1.7035924095822939,0.6899025767014622,20260331
300454,深信服,I65软件和信息技术服务业,-0.2439501044504263,45.7,39.0,91.48,4.86,1.1437264264280762,-0.992533897689721,-0.8634967964370717,0.6912703187117815,20260331
603338,浙江鼎力,C35专用设备制造业,-0.24632685422908898,30.7,15.3,14.97,2.43,0.08944273997393104,-0.2704224915477176,-0.48589656609323495,18.817054956642668,20260331
600970,中材国际,E48土木工程建筑业,-0.24714995696735598,5.1,2.2,7.8,0.89,0.4126984837942792,-0.24077002454449858,-0.5258294102609479,7.06224337396357,20260331
300763,锦浪科技,C38电气机械和器材制造业,-0.26177797263248126,47.8,12.8,40.41,2.72,0.6506218966470224,-0.5687815784812443,-0.3267943833834643,4.82797899515057,20260331
300274,阳光电源,C38电气机械和器材制造业,-0.2641103317654424,37.1,14.5,18.49,4.53,0.5732207309164935,-0.2361248294301358,-0.2181816938397449,22.104462706400383,20260331
601112,振石股份,C30非金属矿物制品业,-0.26429735934057635,13.0,13.0,35.84,4.1,0.6103274887506576,-0.056851358050829415,-1.0699350669339287,8.213201088075415,20260331
300124,汇川技术,C38电气机械和器材制造业,-0.2754317212222765,33.9,4.4,36.61,4.77,0.42918237323424946,-0.37760866435286644,-0.34107481188728805,13.242141742356525,20260331
002230,科大讯飞,I65软件和信息技术服务业,-0.294614070763447,37.3,19.9,121.06,5.54,0.35356485304256,-0.21094887983276578,-0.5062104209360571,28.24513955981311,20260331
688349,三一重能,C38电气机械和器材制造业,-0.30007253302340375,47.6,4.3,22.45,1.69,2.9811439153814248,-2.782190329957811,-0.7362564744002801,2.916880212297742,20260331
300413,芒果超媒,I64互联网和相关服务,-0.3067562320880802,48.8,3.5,29.77,1.32,0.43072515132477185,-0.6920707052284905,-0.216771005461659,38.0476813584787,20260331
000400,许继电气,C38电气机械和器材制造业,-0.30702184970818525,20.9,23.9,22.67,1.98,0.5790122525183177,-0.44189576634939187,-0.207445404841568,35.57358126900893,20260331
300014,亿纬锂能,C38电气机械和器材制造业,-0.3224054196225645,39.6,34.0,26.66,2.73,0.3164790764601537,-0.3972627388978236,-0.3273737545616777,356.61044425295523,20260331
688582,芯动联科,C39计算机、通信和其他电子设备制造业,-0.36168570756559737,2.9,21.8,61.86,6.53,0.9179072340566626,-0.5097733272065142,-1.5456715462242652,5.27260263526358,20260331
688708,佳驰科技,C41其他制造业,-0.3684831610885514,10.2,5.2,42.69,5.33,0.21365584797748638,-0.21896853041086395,-1.7195845056096597,864.6734747323608,20260331
600517,国网英大,J69其他金融业,-0.3695513187931701,3.3,9.0,12.79,1.24,0.5007372038939106,-0.48450154315749316,-1.6161107943773712,10.155701519642959,20260331
002074,国轩高科,C38电气机械和器材制造业,-0.37922935916514827,9.5,35.4,22.06,1.76,1.004009349593375,-1.3001123851688592,-0.8705497000831267,9.016145415667923,20260331
000733,振华科技,C39计算机、通信和其他电子设备制造业,-0.38349135114024113,42.8,3.7,23.38,1.46,0.8224860833841996,-0.5054596339599702,-0.36698049004642175,165.95551611427584,20260331
