date,nav
2015-01-05,1.0
2015-01-06,1.0
2015-01-07,1.0
2015-01-08,1.0
2015-01-09,1.0
2015-01-12,1.0
2015-01-13,1.0
2015-01-14,1.0
2015-01-15,1.0
2015-01-16,1.0
2015-01-19,1.0
2015-01-20,1.0
2015-01-21,1.0
2015-01-22,1.0
2015-01-23,1.0
2015-01-26,1.0
2015-01-27,1.0
2015-01-28,1.0
2015-01-29,1.0
2015-01-30,1.0
2015-02-02,1.0
2015-02-03,1.0278442392260334
2015-02-04,1.011133597185576
2015-02-05,0.9785918205804749
2015-02-06,0.9249418645558488
2015-02-09,0.9258213720316623
2015-02-10,0.9185095866314863
2015-02-11,0.9124520489475647
2015-02-12,0.9165820380960876
2015-02-13,0.9388839794981111
2015-02-16,0.9463179599654522
2015-02-17,0.9653159100486575
2015-02-25,0.9699807327919141
2015-02-26,1.033570618721284
2015-02-27,1.033570618721284
2015-03-02,1.0537435282420864
2015-03-03,1.0268463155476835
2015-03-04,1.0293679292377838
2015-03-05,1.0265381743547533
2015-03-06,1.0237111008181408
2015-03-09,1.0027185001155894
2015-03-10,0.993901607820518
2015-03-11,0.9943214598345691
2015-03-12,0.995581015876722
2015-03-13,0.9936033449497361
2015-03-16,1.0004716860354093
2015-03-17,0.9937268181867899
2015-03-18,0.9865603960976318
2015-03-19,0.9958345893894833
2015-03-20,0.992040601224635
2015-03-23,0.9980643162339649
2015-03-24,0.9990229612032552
2015-03-25,0.9981842516938148
2015-03-26,1.0078294110523784
2015-03-27,1.0086681205618186
2015-03-30,0.9977648969390946
2015-03-31,0.9928539592129935
2015-04-01,0.9946542728460516
2015-04-02,1.005564755914326
2015-04-03,1.0034665860935044
2015-04-07,1.0097610955559704
2015-04-08,1.0101807295201346
2015-04-09,1.0048434890567206
2015-04-10,1.0080678026382728
2015-04-13,1.0080678026382728
2015-04-14,1.0045420360100037
2015-04-15,1.0080678026382728
2015-04-16,1.0151193358948112
2015-04-17,1.0148147096581288
2015-04-20,1.0109369740140408
2015-04-21,1.0216568477076127
2015-04-22,1.0252301389388032
2015-04-23,1.0288034301699938
2015-04-24,1.0430965950947562
2015-04-27,1.0499280132705464
2015-04-28,1.0504894355454224
2015-04-29,1.056186039957992
2015-04-30,1.055309639279135
2015-05-04,1.0447928311328525
2015-05-05,1.0430400297751388
2015-05-06,1.0453554365486446
2015-05-07,1.0353788805042052
2015-05-08,1.0402103552109427
2015-05-11,1.0437241549976608
2015-05-12,1.043284930024321
2015-05-13,1.046798729811039
2015-05-14,1.0579010194621485
2015-05-15,1.0539853463690236
2015-05-18,1.0503870435817375
2015-05-19,1.0503870435817375
2015-05-20,1.0467887407944514
2015-05-21,1.0503870435817375
2015-05-22,1.0500718322575713
2015-05-25,1.0549832155138215
2015-05-26,1.0493212769740667
2015-05-27,1.0423527372328303
2015-05-28,1.0410461360313485
2015-05-29,1.0366907986930756
2015-06-01,1.037250503094417
2015-06-02,1.035632967108357
2015-06-03,1.0317138846029625
2015-06-04,1.028665709320989
2015-06-05,1.0308429773795416
2015-06-08,1.0312784309912522
2015-06-09,1.0300983081581554
2015-06-10,1.031094301860165
2015-06-11,1.031094301860165
2015-06-12,1.0328343327861078
2015-06-15,1.0315293095916507
2015-06-16,1.029789278665708
2015-06-17,1.0290453719440944
2015-06-18,1.0265610867216357
2015-06-19,1.028301544010336
2015-06-23,1.0239504007885851
2015-06-24,1.027866429688161
2015-06-25,1.0261259723994607
2015-06-26,1.0253830582057788
2015-06-29,0.959566149583281
2015-06-30,1.055739368001313
2015-07-01,0.9479510265859342
2015-07-02,0.8768664738421715
2015-07-03,0.7741887865456255
2015-07-06,0.9105093059200509
2015-07-07,0.8558620762676973
2015-07-08,0.7050509574279817
2015-07-09,0.840986149579426
2015-07-10,0.9902583794513893
2015-07-13,1.0872083844197777
2015-07-14,1.0545751666363152
2015-07-15,0.9754120526555718
2015-07-16,0.9989565657216993
2015-07-17,1.0756131198904866
2015-07-20,1.0684950112890992
2015-07-21,1.0854689625693308
2015-07-22,1.0829536967630082
2015-07-23,1.1311521942156622
2015-07-24,1.0947596565444
2015-07-27,0.9276848245081519
2015-07-28,0.9354044537111469
2015-07-29,1.0037783123662452
2015-07-30,1.0095406847250294
2015-07-31,1.0197599605190621
2015-08-03,1.067109581516588
2015-08-04,1.1010142484037055
2015-08-05,1.061848512516863
2015-08-06,1.0443116158511125
2015-08-07,1.0475045586270457
2015-08-10,1.0495818701786974
2015-08-11,1.0763673748741835
2015-08-12,1.1127191312466291
2015-08-13,1.1069793802404535
2015-08-14,1.099326378898886
2015-08-17,1.097083810349515
2015-08-18,1.0445125989992905
2015-08-19,1.0934895548184653
2015-08-20,1.0608382509390155
2015-08-21,1.0216566862836756
2015-08-24,0.920437644257381
2015-08-25,0.8973123582847609
2015-08-26,0.838340486932478
2015-08-27,0.9549834697851273
2015-08-28,1.0479929070924687
2015-08-31,1.0403691827230146
2015-09-01,1.0342702032274511
2015-09-02,1.0019498049493685
2015-09-07,0.959407253379101
2015-09-08,1.0164709626846495
2015-09-09,1.0572307550457556
2015-09-10,1.0186942240861643
2015-09-11,1.0157298755508113
2015-09-14,1.0198702552588523
2015-09-15,0.9652036680069819
2015-09-16,1.0787930361344595
2015-09-17,1.0163188836643466
2015-09-18,1.0171302362938288
2015-09-21,1.0422821678077703
2015-09-22,1.0427805005927981
2015-09-23,1.0327898891749376
2015-09-24,1.0344028520528847
2015-09-25,1.0029500759329164
2015-09-28,0.9973047058601017
2015-09-29,0.9714972998129481
2015-09-30,0.9768494332345521
2015-10-08,0.9682459810607457
2015-10-09,0.9856222664160392
2015-10-12,1.0483279918286206
2015-10-13,1.0460615198257566
2015-10-14,1.0324626878085699
2015-10-15,1.0268660129428304
2015-10-16,1.037036177760813
2015-10-19,1.037036177760813
2015-10-20,1.0440216608420567
2015-10-21,1.0405289193014349
2015-10-22,1.037036177760813
2015-10-23,1.054183443080342
2015-10-26,1.0404380996005345
2015-10-27,1.033723555377093
2015-10-28,1.0437953717122554
2015-10-29,1.0471526438239762
2015-10-30,1.053867188047418
2015-11-02,1.0501946680844065
2015-11-03,1.0462815123200948
2015-11-04,1.0345876958874634
2015-11-05,1.0255924524777467
2015-11-06,1.0260422146482324
2015-11-09,1.011649825192686
2015-11-10,1.0113462357276082
2015-11-11,1.0110428318568898
2015-11-12,1.008344709396078
2015-11-13,1.0024987773976524
2015-11-16,1.0159893897017112
2015-11-17,1.0007000290904446
2015-11-18,0.9914086846469778
2015-11-19,0.9920048255248168
2015-11-20,0.9978129881658311
2015-11-23,0.9879837898502686
2015-11-24,0.9879837898502686
2015-11-25,0.9942387342328992
2015-11-26,0.9881339531936258
2015-11-27,0.9833784247712344
2015-11-30,0.9731225218274376
2015-12-01,0.9878375130076679
2015-12-02,0.9842702424185211
2015-12-03,0.9726766130037944
2015-12-04,0.9795171219037774
2015-12-07,0.97966074650008
2015-12-08,0.9730985505069774
2015-12-09,0.9757234289042183
2015-12-10,0.9752859491713448
2015-12-11,0.9752859491713448
2015-12-14,0.9776173661637744
2015-12-15,0.9664758464729956
2015-12-16,0.9613707949525581
2015-12-17,0.995829892715511
2015-12-18,0.9964680241555658
2015-12-21,1.0443278821596669
2015-12-22,1.0484800758138149
2015-12-23,1.0481655317910707
2015-12-24,1.0548014816379936
2015-12-25,1.0481655317910707
2015-12-28,1.0448475568676092
2015-12-29,1.0481655317910707
2015-12-30,1.061118905892264
2015-12-31,1.0528021865077406
2016-01-04,0.9681526255477422
2016-01-05,0.9414913465052229
2016-01-06,0.970152221475931
2016-01-07,0.8808369366834918
2016-01-08,0.883904250184136
2016-01-11,0.8291743032852624
2016-01-12,0.79898900595158
2016-01-13,0.7852087615166381
2016-01-14,0.8022700165313281
2016-01-15,0.7497738472553587
2016-01-18,0.7456128040179106
2016-01-19,0.7879394557879117
2016-01-20,0.7617546338733231
2016-01-21,0.7290236064800875
2016-01-22,0.7375336736023287
2016-01-25,0.7466983612724347
2016-01-26,0.7464742846589006
2016-01-27,0.7320956403689929
2016-01-28,0.7090011265721606
2016-01-29,0.7425254207933688
2016-02-01,0.7149610011003754
2016-02-02,0.7440153894254224
2016-02-03,0.7333654661356607
2016-02-04,0.7442123397876056
2016-02-05,0.7442123397876056
2016-02-15,0.7301942876180105
2016-02-16,0.7715106519073435
2016-02-17,0.7855287040769385
2016-02-18,0.794143830044262
2016-02-19,0.7946484716754586
2016-02-22,0.8258496324442697
2016-02-23,0.810249052059864
2016-02-24,0.8169350150817521
2016-02-25,0.7485896153024517
2016-02-26,0.7505929526892434
2016-02-29,0.7204039842769199
2016-03-01,0.736884069066504
2016-03-02,0.8155390191986104
2016-03-03,0.8147899244354476
2016-03-04,0.8365136725671721
2016-03-07,0.8504911815719816
2016-03-08,0.8440506438060773
2016-03-09,0.8440506438060773
2016-03-10,0.8409579486003611
2016-03-11,0.8378652533946448
2016-03-14,0.8440506438060773
2016-03-15,0.853072654260193
2016-03-16,0.8528167324639149
2016-03-17,0.8590208972221708
2016-03-18,0.8683271443595547
2016-03-21,0.8807354738760664
2016-03-22,0.8776333914969385
2016-03-23,0.8618642659308795
2016-03-24,0.8619459610000662
2016-03-25,0.8670497762345563
2016-03-28,0.8643277414428282
2016-03-29,0.8663692675366244
2016-03-30,0.8741951175628422
2016-03-31,0.8664494314612406
2016-04-01,0.8699227295914864
2016-04-05,0.8658501118172856
2016-04-06,0.8665288814463189
2016-04-07,0.8661894966318022
2016-04-08,0.8719590384785868
2016-04-11,0.879161598766187
2016-04-12,0.881264823821697
2016-04-13,0.8734876250633806
2016-04-14,0.8663867044579615
2016-04-15,0.8660485653815129
2016-04-18,0.86672484353441
2016-04-19,0.8647745587831779
2016-04-20,0.8618563268497224
2016-04-21,0.8724915251130051
2016-04-22,0.8611916269582672
2016-04-25,0.8565387277180809
2016-04-26,0.8548769779894431
2016-04-27,0.861929942362701
2016-04-28,0.8555583850653634
2016-04-29,0.8555583850653634
2016-05-03,0.870840830851936
2016-05-04,0.8677843416946214
2016-05-05,0.8738973200092505
2016-05-06,0.8614127843972835
2016-05-09,0.8669163189860265
2016-05-10,0.8669163189860265
2016-05-11,0.8784402358341507
2016-05-12,0.8697972981980575
2016-05-13,0.8640353397739954
2016-05-16,0.8637760516449127
2016-05-17,0.8643064764634638
2016-05-18,0.8500944390506591
2016-05-19,0.8437779779783013
2016-05-20,0.8453570932463907
2016-05-23,0.8540422272208826
2016-05-24,0.8553645783463808
2016-05-25,0.84721715182946
2016-05-26,0.84721715182946
2016-05-27,0.8511625604011683
2016-05-30,0.8582642958302436
2016-05-31,0.9103436889767943
2016-06-01,0.9148035788262535
2016-06-02,0.9097727933219666
2016-06-03,0.9129436896090594
2016-06-06,0.9137364136808326
2016-06-07,0.9137364136808326
2016-06-08,0.9042237248195544
2016-06-13,0.9039523753697865
2016-06-14,0.9174609514768368
2016-06-15,0.9312407132964983
2016-06-16,0.9257288085686337
2016-06-17,0.939508570388295
2016-06-20,0.939508570388295
2016-06-21,0.9392266364614648
2016-06-22,0.9389448684705263
2016-06-23,0.9356608592521295
2016-06-24,0.929092840815336
2016-06-27,0.929092840815336
2016-06-28,0.9553649145625099
2016-06-29,0.9616442685890063
2016-06-30,0.9613557753084296
2016-07-01,0.9707529505715143
2016-07-04,0.973885342325876
2016-07-05,0.973885342325876
2016-07-06,0.9707529505715143
2016-07-07,0.9767245422120293
2016-07-08,0.9733209371353146
2016-07-11,0.991984463419621
2016-07-12,0.9982056388477231
2016-07-13,1.001316226561774
2016-07-14,1.001316226561774
2016-07-15,1.0010157437885967
2016-07-18,1.0007154390654602
2016-07-19,1.0099841033597992
2016-07-20,1.0068945485950194
2016-07-21,1.0161632128893583
2016-07-22,1.0099841033597992
2016-07-25,1.0127696459357245
2016-07-26,1.0110383736805122
2016-07-27,1.011752094361228
2016-07-28,1.026026507975544
2016-07-29,1.0199598821894598
2016-08-01,1.0263833683159018
2016-08-02,1.0285726351319298
2016-08-03,1.0300331941207708
2016-08-04,1.0190645832886105
2016-08-05,1.0321561510560278
2016-08-08,1.0105727555475834
2016-08-09,1.009865103235831
2016-08-10,1.01699017130194
2016-08-11,1.013929003325612
2016-08-12,1.0111729324006744
2016-08-15,1.0221972161004245
2016-08-16,1.0277093579502996
2016-08-17,1.0277093579502996
2016-08-18,1.0246457095101391
2016-08-19,1.0103020732012566
2016-08-22,1.027145564316492
2016-08-23,1.027145564316492
2016-08-24,1.024338315797286
2016-08-25,1.024338315797286
2016-08-26,1.024030922084433
2016-08-29,1.0153070202975247
2016-08-30,1.0181125844676189
2016-08-31,1.0181125844676189
2016-09-01,1.0181125844676189
2016-09-02,1.0209181486377132
2016-09-05,1.0150023360286524
2016-09-06,1.0238055332583105
2016-09-07,1.0308892983153397
2016-09-08,1.0319012647520585
2016-09-09,1.0298773318786214
2016-09-12,1.0035662045239404
2016-09-13,1.003265043312373
2016-09-14,1.0144299500086635
2016-09-19,1.0144299500086635
2016-09-20,1.0144299500086635
2016-09-21,1.0144299500086635
2016-09-22,1.0201628931133055
2016-09-23,1.0169911423406623
2016-09-26,0.9909263909366466
2016-09-27,0.9919567770990991
2016-09-28,0.9940175494240042
2016-09-29,0.9950479355864568
2016-09-30,1.0001998663987195
2016-10-10,1.0050501001426162
2016-10-11,1.0054851553581892
2016-10-12,1.003275444621342
2016-10-13,1.0065900107266128
2016-10-14,1.0029071594985344
2016-10-17,1.0065900107266128
2016-10-18,1.0073924671806986
2016-10-19,1.0056217473017972
2016-10-20,1.013331383530221
2016-10-21,1.0096601281833524
2016-10-24,1.0129642579955338
2016-10-25,1.0166355133424023
2016-10-26,1.0214686475814476
2016-10-27,1.0218997294764016
2016-10-28,1.0230060132102443
2016-10-31,1.0277999093902295
2016-11-01,1.031856283080986
2016-11-02,1.041075314196342
2016-11-03,1.0440807552160727
2016-11-04,1.0561601809030516
2016-11-07,1.0685528308165955
2016-11-08,1.0685528308165955
2016-11-09,1.0375712060327358
2016-11-10,1.0716509932949814
2016-11-11,1.0682321710000826
2016-11-14,1.0710260808560714
2016-11-15,1.061682942334205
2016-11-16,1.080369219377938
2016-11-17,1.083483598885227
2016-11-18,1.0959411169143825
2016-11-21,1.092498793244976
2016-11-22,1.0901627737664783
2016-11-23,1.090966081702688
2016-11-24,1.0777115007552307
2016-11-25,1.0688751134569257
2016-11-28,1.075301576946602
2016-11-29,1.0757819550924554
2016-11-30,1.070613355843349
2016-12-01,1.0657674911807704
2016-12-02,1.0649598470703405
2016-12-05,1.0613254485734067
2016-12-06,1.060113982407762
2016-12-07,1.058584748666869
2016-12-08,1.0606748716850292
2016-12-09,1.0602735886112356
2016-12-12,1.055056908651922
2016-12-13,1.0558594747995087
2016-12-14,1.063082570127789
2016-12-15,1.0515309947957294
2016-12-16,1.0512155354972907
2016-12-19,1.0426665030192768
2016-12-20,1.0426665030192768
2016-12-21,1.0490782773777874
2016-12-22,1.0405292448997732
2016-12-23,1.0423536084305816
2016-12-26,1.0528761789429648
2016-12-27,1.0507091236239823
2016-12-28,1.048542068305
2016-12-29,1.0463750129860174
2016-12-30,1.0507091236239823
2017-01-03,1.0482274118726838
2017-01-04,1.0600600915713
2017-01-05,1.0622037059105083
2017-01-06,1.0614891677974387
2017-01-09,1.0693490870412012
2017-01-10,1.0629182440235774
2017-01-11,1.0625992742099033
2017-01-12,1.0644714207662174
2017-01-13,1.0644714207662174
2017-01-16,1.0644714207662174
2017-01-17,1.055707715411909
2017-01-18,1.057898641750486
2017-01-19,1.0553909074633507
2017-01-20,1.066022328650275
2017-01-23,1.0682119363421076
2017-01-24,1.0616431132666098
2017-01-25,1.0638327209584424
2017-01-26,1.0704015440339403
2017-02-03,1.0700803285855485
2017-02-06,1.0697593044869729
2017-02-07,1.0631402509080934
2017-02-08,1.0829974116447323
2017-02-09,1.0829974116447323
2017-02-10,1.0874101140306522
2017-02-13,1.0892894839768155
2017-02-14,1.0847650497945247
2017-02-15,1.0700732841146834
2017-02-16,1.0753203432860552
2017-02-17,1.0816168142917015
2017-02-20,1.0889626971316224
2017-02-21,1.0854886192542568
2017-02-22,1.0835777391974994
2017-02-23,1.0851629726684804
2017-02-24,1.0994300739073097
2017-02-27,1.102996849217017
2017-02-28,1.0990337655395643
2017-03-01,1.0899877892607581
2017-03-02,1.0929340295283665
2017-03-03,1.0732946099020466
2017-03-06,1.0798410831108198
2017-03-07,1.0896607929239799
2017-03-08,1.0896607929239799
2017-03-09,1.0762447780535802
2017-03-10,1.0739251610616232
2017-03-13,1.0851069249894527
2017-03-14,1.081512786584079
2017-03-15,1.081512786584079
2017-03-16,1.097886083764115
2017-03-17,1.0967581632627663
2017-03-20,1.0897551510474826
2017-03-21,1.0830811662811777
2017-03-22,1.069733196748568
2017-03-23,1.0741825199261044
2017-03-24,1.085305827869946
2017-03-27,1.0827561432230586
2017-03-28,1.0757750286143761
2017-03-29,1.0646812156715169
2017-03-30,1.0646812156715169
2017-03-31,1.0646812156715169
2017-04-05,1.0779937912029478
2017-04-06,1.0776702956175341
2017-04-07,1.0817818517124602
2017-04-10,1.0729121373452377
2017-04-11,1.0729121373452377
2017-04-12,1.0795644231206545
2017-04-13,1.0751295659370432
2017-04-14,1.0748069300769356
2017-04-17,1.0772689619100289
2017-04-18,1.0939758053827273
2017-04-19,1.085622383646378
2017-04-20,1.085622383646378
2017-04-21,1.0967602792948439
2017-04-24,1.0964311544784318
2017-04-25,1.1038547686486024
2017-04-26,1.0927797064821536
2017-04-27,1.0839196567489946
2017-04-28,1.0927797064821536
2017-05-02,1.0839196567489946
2017-05-03,1.083594382173166
2017-05-04,1.0677735721420438
2017-05-05,1.038995784668599
2017-05-08,0.9991496173976758
2017-05-09,1.0080043212356589
2017-05-10,0.9759060198229705
2017-05-11,0.9734001386368214
2017-05-12,0.9697669281880101
2017-05-15,0.9764493090024505
2017-05-16,0.9898140706313314
2017-05-17,0.9987239117172519
2017-05-18,0.9853591500883712
2017-05-19,0.9872902467707309
2017-05-22,0.9702224247005943
2017-05-23,0.9299705007099416
2017-05-24,0.937797263708124
2017-05-25,0.9433878087068258
2017-05-26,0.9445059177065661
2017-05-31,0.9554002127455362
2017-06-01,0.9358011032445258
2017-06-02,0.948297419939176
2017-06-05,0.9573856502625581
2017-06-06,0.9687459381667857
2017-06-07,0.9801062260710132
2017-06-08,0.9809477961989584
2017-06-09,0.9774925630001664
2017-06-12,0.9827608111000534
2017-06-13,0.9774925630001664
2017-06-14,0.9743316141402343
2017-06-15,0.9500976728807541
2017-06-16,0.9487592217684968
2017-06-19,0.9463778885394943
2017-06-20,0.939039419420843
2017-06-21,0.9243624811835403
2017-06-22,0.9054921320212939
2017-06-23,0.9096855429462375
2017-06-26,0.9125566665712734
2017-06-27,0.9195501312732348
2017-06-28,0.9195501312732348
2017-06-29,0.9299318908474246
2017-06-30,0.9309700668048435
2017-07-03,0.9506954099958039
2017-07-04,0.9535237127566004
2017-07-05,0.955627439384018
2017-07-06,0.9627967906077518
2017-07-07,0.955627439384018
2017-07-10,0.9651865743489965
2017-07-11,0.967576358090241
2017-07-12,0.9696750661718021
2017-07-13,0.9701072621353003
2017-07-14,0.966853318960227
2017-07-17,0.9740843037937229
2017-07-18,0.9787844439354954
2017-07-19,0.9791459931771701
2017-07-20,0.978852162108461
2017-07-21,0.9901015744092208
2017-07-24,1.00626186953837
2017-07-25,1.0004903355636738
2017-07-26,1.0039532559484914
2017-07-27,1.0154963238978838
2017-07-28,1.014037626401119
2017-07-31,1.0274366262807813
2017-08-01,1.0274366262807813
2017-08-02,1.0192146995802318
2017-08-03,1.0082521306461656
2017-08-04,1.0082521306461656
2017-08-07,1.0079495637435854
2017-08-08,1.0131853632906358
2017-08-09,1.0159544554987225
2017-08-10,1.0159544554987225
2017-08-11,1.0076471788744623
2017-08-14,1.024261732122983
2017-08-15,1.0211861014074608
2017-08-16,1.0169477858906513
2017-08-17,1.0248117052634258
2017-08-18,1.027058539369933
2017-08-21,1.0321139161095738
2017-08-22,1.0337990416894542
2017-08-23,1.0329272700561296
2017-08-24,1.0250960768018886
2017-08-25,1.0276031818262965
2017-08-28,1.0225889717774805
2017-08-29,1.0175747617286643
2017-08-30,1.0225889717774805
2017-08-31,1.0298011608011952
2017-09-01,1.0351504685892252
2017-09-04,1.031755519707463
2017-09-05,1.034018818961971
2017-09-06,1.0442036656072575
2017-09-07,1.0464669648617657
2017-09-08,1.0472842422225686
2017-09-11,1.0378928370823173
2017-09-12,1.0367581845988691
2017-09-13,1.0401621420492133
2017-09-14,1.0549126243340383
2017-09-15,1.0639898442016227
2017-09-18,1.0693421134312957
2017-09-19,1.071351878425522
2017-09-20,1.0725171622396499
2017-09-21,1.0612527520364143
2017-09-22,1.0631948917266272
2017-09-25,1.0616411799744567
2017-09-26,1.0760784249467996
2017-09-27,1.0692470625587502
2017-09-28,1.0649080366517067
2017-09-29,1.071416575512272
2017-10-09,1.0844336532334027
2017-10-10,1.0866031661869244
2017-10-11,1.0862770883900101
2017-10-12,1.0770655031089738
2017-10-13,1.0803976414169185
2017-10-16,1.090394056340753
2017-10-17,1.0670690881851392
2017-10-18,1.0504083966454152
2017-10-19,1.0445412785840629
2017-10-20,1.064145016851455
2017-10-23,1.0619320056680142
2017-10-24,1.0663580280348959
2017-10-25,1.0630385112597347
2017-10-26,1.0741035671769388
2017-10-27,1.071568894817985
2017-10-30,1.0521723757601094
2017-10-31,1.065637115799707
2017-11-01,1.0690033008096065
2017-11-02,1.0600268074498747
2017-11-03,1.0420738207304112
2017-11-06,1.0383959269885952
2017-11-07,1.0436552018102228
2017-11-08,1.048111836690002
2017-11-09,1.0458835192501124
2017-11-10,1.0414268843703332
2017-11-13,1.0391985669304433
2017-11-14,1.0388867139047309
2017-11-15,1.0081190855936781
2017-11-16,0.9979670981613844
2017-11-17,0.9787911219003851
2017-11-20,0.9889431093326788
2017-11-21,0.984431114918326
2017-11-22,0.9852633522880535
2017-11-23,0.9771482228673825
2017-11-24,0.998372716850912
2017-11-27,0.9760311442366705
2017-11-28,0.9905531664359275
2017-11-29,1.011777660419457
2017-11-30,1.0192912429974896
2017-12-01,1.0155802510266032
2017-12-04,1.0155802510266032
2017-12-05,0.9815282050467315
2017-12-06,0.9769879322494153
2017-12-07,0.9769879322494153
2017-12-08,0.9766947441335286
2017-12-11,0.9887649603195737
2017-12-12,0.9853931717897687
2017-12-13,0.9865171012997037
2017-12-14,0.9842692422798337
2017-12-15,0.9797735242400936
2017-12-18,0.9783559119492126
2017-12-19,0.9903881489482164
2017-12-20,0.9909017216054076
2017-12-21,0.9944967302057459
2017-12-22,0.9934695848913635
2017-12-25,0.995010302862937
2017-12-26,0.9947117117200461
2017-12-27,0.9834824002755407
2017-12-28,0.9878547594479364
2017-12-29,0.9878547594479364
2018-01-02,1.000971836965124
2018-01-03,1.0162750940685092
2018-01-04,1.0159701220162347
2018-01-05,1.0200445125400446
2018-01-08,1.0397508295619111
2018-01-09,1.0331820572212889
2018-01-10,1.028802875660874
2018-01-11,1.0266132848806666
2018-01-12,1.0284941433608648
2018-01-15,0.987587142090454
2018-01-16,0.9826661174810718
2018-01-17,0.9888173982427995
2018-01-18,0.987587142090454
2018-01-19,0.9986594474615638
2018-01-22,1.0057390795158512
2018-01-23,1.0054373577919964
2018-01-24,1.0177625916095927
2018-01-25,1.030087825427189
2018-01-26,1.0226926851366311
2018-01-29,1.0054373577919964
2018-01-30,1.0051356360681416
2018-01-31,0.9801984180227099
2018-02-01,0.945708469726254
2018-02-02,0.9469402535939846
2018-02-05,0.9407813342553317
2018-02-06,0.8841192763397256
2018-02-07,0.8998623364180298
2018-02-08,0.9158851498249518
2018-02-09,0.8832996056092571
2018-02-12,0.9008456678792466
2018-02-13,0.9083654088520992
2018-02-14,0.9071121186899571
2018-02-22,0.9118515607671137
2018-02-23,0.9115780052988834
2018-02-26,0.937263964757112
2018-02-27,0.9265614816495168
2018-02-28,0.9201399917849596
2018-03-01,0.9222804884064787
2018-03-02,0.9155841587757185
2018-03-05,0.9110310528796012
2018-03-06,0.9302839907977822
2018-03-07,0.9217271295008128
2018-03-08,0.9238663448250551
2018-03-09,0.9388408520947515
2018-03-12,0.942836264555839
2018-03-13,0.9407677389329953
2018-03-14,0.9336250399590874
2018-03-15,0.9318393652156105
2018-03-16,0.9229109914982256
2018-03-19,0.9264823409851796
2018-03-20,0.9226340333455124
2018-03-21,0.9132222527063453
2018-03-22,0.9397967703184571
2018-03-23,0.9389663166430787
2018-03-26,0.9422881313445927
2018-03-27,0.9456099460461067
2018-03-28,0.94532618002523
2018-03-29,0.9705230721988566
2018-03-30,0.9669558035949877
2018-04-02,0.9588020467861448
2018-04-03,0.9384176547640375
2018-04-04,0.9389272645645901
2018-04-09,0.9376265874706394
2018-04-10,0.9633056447500999
2018-04-11,0.9745042250564812
2018-04-12,0.9592334337295977
2018-04-13,0.9526160908212816
2018-04-16,0.9256376928104543
2018-04-17,0.9294309064734144
2018-04-18,0.922476606602492
2018-04-19,0.9317195658933879
2018-04-20,0.9137471450499793
2018-04-23,0.9137471450499793
2018-04-24,0.9419895206610499
2018-04-25,0.9376000906435773
2018-04-26,0.915178885356816
2018-04-27,0.9177532952707192
2018-05-02,0.9239318790640872
2018-05-03,0.9326848727713585
2018-05-04,0.9321699907885778
2018-05-07,0.9318902554073331
2018-05-08,0.9384772481073964
2018-05-09,0.9355344367745312
2018-05-10,0.9404391223293066
2018-05-11,0.933572562552621
2018-05-14,0.9286678769978456
2018-05-15,0.9313311212540887
2018-05-16,0.9310517219177126
2018-05-17,0.9219986855021199
2018-05-18,0.9242619446060181
2018-05-21,0.936709869677458
2018-05-22,0.9344466105735598
2018-05-23,0.9341661927705869
2018-05-24,0.9270672115786639
2018-05-25,0.9202484802445721
2018-05-28,0.8975193757975992
2018-05-29,0.8872912787964613
2018-05-30,0.8645621743494885
2018-05-31,0.8688471787653541
2018-06-01,0.8571693474926003
2018-06-04,0.853744194356863
2018-06-05,0.8708699600355494
2018-06-06,0.8674448068998121
2018-06-07,0.8571693474926003
2018-06-08,0.8557707432955076
2018-06-11,0.8485470860755405
2018-06-12,0.8543528577396892
2018-06-13,0.8334520797487541
2018-06-14,0.8253239994189461
2018-06-15,0.8044232214280109
2018-06-19,0.7948953695499767
2018-06-20,0.816568258752128
2018-06-21,0.7922223056265544
2018-06-22,0.8080471751581773
2018-06-25,0.8019606868767838
2018-06-26,0.8263066400023574
2018-06-27,0.8248417440027918
2018-06-28,0.8163355506134804
2018-06-29,0.8504028566861863
2018-07-02,0.8400794306035482
2018-07-03,0.852467541902714
2018-07-04,0.8369824027787568
2018-07-05,0.8398273325386102
2018-07-06,0.8470184626183636
2018-07-09,0.8643856452705652
2018-07-10,0.8780312887830093
2018-07-11,0.8668666713637369
2018-07-12,0.880512314876181
2018-07-13,0.8802480855972582
2018-07-16,0.874161564423792
2018-07-17,0.8672804909945891
2018-07-18,0.8746908777644999
2018-07-19,0.8688684310167128
2018-07-20,0.904332424844143
2018-07-23,0.9008861186141279
2018-07-24,0.9180523583001075
2018-07-25,0.9316140848168792
2018-07-26,0.9219271373048994
2018-07-27,0.9122401897929194
2018-07-30,0.8889915157641679
2018-07-31,0.8848511206585975
2018-08-01,0.8653914978460746
2018-08-02,0.8653914978460746
2018-08-03,0.8385196633792191
2018-08-06,0.8039701619218336
2018-08-07,0.8231643293981589
2018-08-08,0.8209984595401304
2018-08-09,0.8541420495050966
2018-08-10,0.8737831609773486
2018-08-13,0.8796754944190242
2018-08-14,0.877711383271799
2018-08-15,0.8443214937689707
2018-08-16,0.8421046015170977
2018-08-17,0.8068453123368555
2018-08-20,0.7912867977591724
2018-08-21,0.8262934555589594
2018-08-22,0.8204590125923282
2018-08-23,0.8262934555589594
2018-08-24,0.8260454917328776
2018-08-27,0.8487433861890487
2018-08-28,0.8438264487382577
2018-08-29,0.8438264487382577
2018-08-30,0.8356315529869395
2018-08-31,0.8257976780853576
2018-09-03,0.8189959146117636
2018-09-04,0.8333751428840187
2018-09-05,0.824375187778395
2018-09-06,0.822125199001989
2018-09-07,0.8153752326727712
2018-09-10,0.7940003392969147
2018-09-11,0.7903880948158338
2018-09-12,0.7941029188614683
2018-09-13,0.8059587402837058
2018-09-14,0.8125453077405044
2018-09-17,0.7914682918787488
2018-09-18,0.8059587402837058
2018-09-19,0.8057168815266922
2018-09-20,0.8014465820546007
2018-09-21,0.8215895040927679
2018-09-25,0.8236037962965846
2018-09-26,0.8377038417233018
2018-09-27,0.843746718334752
2018-09-28,0.8414798338885766
2018-10-08,0.8161620331842824
2018-10-09,0.8125812679336927
2018-10-10,0.8101940910999662
2018-10-11,0.7576762007579841
2018-10-12,0.7564826123411209
2018-10-15,0.7622217435259244
2018-10-16,0.7413596858564643
2018-10-17,0.7559244325480424
2018-10-18,0.7450008725293588
2018-10-19,0.7680617214576909
2018-10-22,0.8056873170776012
2018-10-23,0.8054455422825211
2018-10-24,0.8052039086198363
2018-10-25,0.7939126159710159
2018-10-26,0.7914034398268336
2018-10-29,0.7801121471780132
2018-10-30,0.786385087538469
2018-10-31,0.7836406761307696
2018-11-01,0.7925389251415758
2018-11-02,0.8327256264816153
2018-11-05,0.8199389487825117
2018-11-06,0.8126322758115955
2018-11-07,0.8162856122970537
2018-11-08,0.8178667763279599
2018-11-09,0.8202575702880606
2018-11-12,0.8281660322670577
2018-11-13,0.8064177618248154
2018-11-14,0.770829682919328
2018-11-15,0.7787381448983253
2018-11-16,0.7817986537803474
2018-11-19,0.7907540227928824
2018-11-20,0.7769691598798788
2018-11-21,0.7454609017930134
2018-11-22,0.733645305010439
2018-11-23,0.7237989743582934
2018-11-26,0.7052074610319342
2018-11-27,0.7043368264001367
2018-11-28,0.7155410570894293
2018-11-29,0.7017005368261856
2018-11-30,0.7096094055480391
2018-12-03,0.7346541565005751
2018-12-04,0.7377280701438023
2018-12-05,0.7361531222362568
2018-12-06,0.7307386042902473
2018-12-07,0.7219400126279816
2018-12-10,0.7327690485200008
2018-12-11,0.7226168273712329
2018-12-12,0.7359322099040597
2018-12-13,0.7282296794934501
2018-12-14,0.7316304752878312
2018-12-17,0.7221082470635642
2018-12-18,0.7010233131384016
2018-12-19,0.673136787624477
2018-12-20,0.6736147354654194
2018-12-21,0.6572781663629733
2018-12-24,0.6734126510447798
2018-12-25,0.6754294616300056
2018-12-26,0.6713958404595539
2018-12-27,0.6653454087038766
2018-12-28,0.6631295389138889
2019-01-02,0.6389620625011102
2019-01-03,0.6209856593377819
2019-01-04,0.6389620625011102
2019-01-07,0.6429568187596276
2019-01-08,0.6449541968888863
2019-01-09,0.6427638720323413
2019-01-10,0.6366921050167773
2019-01-11,0.6366921050167773
2019-01-14,0.6229745833575505
2019-01-15,0.6425710428707316
2019-01-16,0.6523692726273222
2019-01-17,0.6482553878817201
2019-01-18,0.6675866759605882
2019-01-21,0.6656340994910649
2019-01-22,0.6539186406739254
2019-01-23,0.6539186406739254
2019-01-24,0.6597763700824951
2019-01-25,0.6595783788284855
2019-01-28,0.6603164093642566
2019-01-29,0.6626561694878057
2019-01-30,0.6647619535989999
2019-01-31,0.6635920735372254
2019-02-01,0.6671017137225489
2019-02-11,0.6657319947486221
2019-02-12,0.6679184113320922
2019-02-13,0.6870075007872497
2019-02-14,0.6846213646053549
2019-02-15,0.6834282965144076
2019-02-18,0.7060965902424073
2019-02-19,0.703499281008415
2019-02-20,0.7013515504780465
2019-02-21,0.6969940187993984
2019-02-22,0.6921523169342338
2019-02-25,0.6916681467477174
2019-02-26,0.6911839765612009
2019-02-27,0.6909765580532973
2019-02-28,0.6883388164117579
2019-03-01,0.6866375023398715
2019-03-04,0.6764296179085529
2019-03-05,0.6730269897647801
2019-03-06,0.6764296179085529
2019-03-07,0.675740682927386
2019-03-08,0.6794229233264739
2019-03-11,0.681608214791205
2019-03-12,0.681608214791205
2019-03-13,0.6845219367441797
2019-03-14,0.6833078859304402
2019-03-15,0.6797045102722128
2019-03-18,0.6795005989191312
2019-03-19,0.6833749388423073
2019-03-20,0.6824063538615133
2019-03-21,0.6872492787654835
2019-03-22,0.6857964012942924
2019-03-25,0.6894637788216975
2019-03-26,0.6639296988333764
2019-03-27,0.666743836706118
2019-03-28,0.6611155609606348
2019-03-29,0.7173983184154673
2019-04-01,0.7286548699064338
2019-04-02,0.7284362113937218
2019-04-03,0.7435092803878055
2019-04-04,0.754630443920534
2019-04-08,0.7588008802453072
2019-04-09,0.753240298478943
2019-04-10,0.7490698621541697
2019-04-11,0.7488450756362645
2019-04-12,0.7511878909443265
2019-04-15,0.7392063697341462
2019-04-16,0.7528995368314951
2019-04-17,0.7546111827186637
2019-04-18,0.7503320680007421
2019-04-19,0.7509624671809864
2019-04-22,0.741371433385287
2019-04-23,0.7379657079105433
2019-04-24,0.7439257274913448
2019-04-25,0.7115713354812795
2019-04-26,0.7022055904257344
2019-04-29,0.7019948611619846
2019-04-30,0.7026639555121097
2019-05-06,0.6516417726206372
2019-05-07,0.6604387007053738
2019-05-08,0.6569199294714791
2019-05-09,0.6516417726206372
2019-05-10,0.662878792617518
2019-05-13,0.663822823449763
2019-05-14,0.6649657179197932
2019-05-15,0.6729659792100047
2019-05-16,0.7038241299008201
2019-05-17,0.6695372957999141
2019-05-20,0.6727640297571503
2019-05-21,0.6818161761982527
2019-05-22,0.6799653810682469
2019-05-23,0.6633082248981936
2019-05-24,0.6577558395081758
2019-05-27,0.6734875981132261
2019-05-28,0.6751357311764965
2019-05-29,0.6749331904571435
2019-05-30,0.6702898910680342
2019-05-31,0.6702898910680342
2019-06-03,0.6582173126563499
2019-06-04,0.6545026731450624
2019-06-05,0.6608049305399127
2019-06-06,0.6046062712183853
2019-06-10,0.6550066472765143
2019-06-11,0.7894076500981914
2019-06-12,0.7558073993927722
2019-06-13,0.7446073158242991
2019-06-14,0.7275887888420043
2019-06-17,0.7215959980081929
2019-06-18,0.7215959980081929
2019-06-19,0.7620175973883042
2019-06-20,0.8775078813314795
2019-06-21,0.9063804523172733
2019-06-24,0.8945629090127879
2019-06-25,0.8785590448188388
2019-06-26,0.8982284139703952
2019-06-27,0.8998019635025197
2019-06-28,0.8950813149061462
2019-07-01,0.9053093868649557
2019-07-02,0.9003184811364398
2019-07-03,0.8944264147018623
2019-07-04,0.8944264147018623
2019-07-05,0.8912138599074415
2019-07-08,0.9048672177837299
2019-07-09,0.9032609403865196
2019-07-10,0.9158362451876704
2019-07-11,0.9215278542176168
2019-07-12,0.9140699043382384
2019-07-15,0.9200362642417411
2019-07-16,0.9215278542176168
2019-07-17,0.9200362642417411
2019-07-18,0.9227424559349725
2019-07-19,0.9290006364271931
2019-07-22,0.9159306299691907
2019-07-23,0.9198516319065915
2019-07-24,0.9303076370729934
2019-07-25,0.9342286390103941
2019-07-26,0.9326416788262635
2019-07-29,0.9293239655446799
2019-07-30,0.9399566882674549
2019-07-31,0.9429946090453906
2019-08-01,0.9353998071005513
2019-08-02,0.9399566882674549
2019-08-05,0.9366376079215213
2019-08-06,1.0009523137371807
2019-08-07,0.9880331743175736
2019-08-08,1.0526288714156096
2019-08-09,1.0009523137371807
2019-08-12,1.0913862896744313
2019-08-13,1.0716858939734724
2019-08-14,1.11472740125623
2019-08-15,1.1023379689559587
2019-08-16,1.15809041430718
2019-08-19,1.195258711207994
2019-08-20,1.232427008108808
2019-08-21,1.232057183554645
2019-08-22,1.226235985941372
2019-08-23,1.223510195712269
2019-08-26,1.2017038738794434
2019-08-27,1.226235985941372
2019-08-28,1.2098812445667528
2019-08-29,1.2176930867843399
2019-08-30,1.2126080382118538
2019-09-02,1.21968764918153
2019-09-03,1.2220475195047555
2019-09-04,1.2362067414441085
2019-09-05,1.2503659633834612
2019-09-06,1.2547090687263254
2019-09-09,1.2565236497229246
2019-09-10,1.2371698718875068
2019-09-11,1.2426473561805496
2019-09-12,1.2426473561805496
2019-09-16,1.243742853039158
2019-09-17,1.2426395051197296
2019-09-18,1.2422667132681937
2019-09-19,1.2400783255280357
2019-09-20,1.2440903697183254
2019-09-23,1.2546675771290892
2019-09-24,1.2615974716395897
2019-09-25,1.268511317973329
2019-09-26,1.2644475145257497
2019-09-27,1.2533977643691874
2019-09-30,1.2504511643274376
2019-10-08,1.2482412142961252
2019-10-09,1.2666574645570619
2019-10-10,1.2662773531516762
2019-10-11,1.2609639218165685
2019-10-14,1.2757645662040558
2019-10-15,1.254385857644352
2019-10-16,1.2445187613860274
2019-10-17,1.2379406972138107
2019-10-18,1.2392132237279259
2019-10-21,1.2388414597608075
2019-10-22,1.2522383594767852
2019-10-23,1.2388414597608075
2019-10-24,1.2405160722253048
2019-10-25,1.2472145220832935
2019-10-28,1.2535366865205098
2019-10-29,1.224201032096588
2019-10-30,1.2490235407405585
2019-10-31,1.2490235407405585
2019-11-01,1.2572977102885488
2019-11-04,1.269708964610534
2019-11-05,1.2651920954542863
2019-11-06,1.2690228276607725
2019-11-07,1.2627073929080888
2019-11-08,1.256391958155405
2019-11-11,1.226919929309548
2019-11-12,1.2163942047217422
2019-11-13,1.220238199341209
2019-11-14,1.2185215598688541
2019-11-15,1.2083922997747103
2019-11-18,1.217846275862578
2019-11-19,1.2320272399943795
2019-11-20,1.2239238319190644
2019-11-21,1.2215313006848276
2019-11-22,1.2198188012938673
2019-11-25,1.2406824213055643
2019-11-26,1.2366443013033004
2019-11-27,1.2326061813010365
2019-11-28,1.227895041298395
2019-11-29,1.225508108565057
2019-12-02,1.2351993462164688
2019-12-03,1.2351993462164688
2019-12-04,1.2351993462164688
2019-12-05,1.238552309577796
2019-12-06,1.2519641630231044
2019-12-09,1.2566163996869457
2019-12-10,1.2728833405907078
2019-12-11,1.27010935295343
2019-12-12,1.2673353653161519
2019-12-13,1.2895272664143762
2019-12-16,1.292301254051654
2019-12-17,1.2946866060209496
2019-12-18,1.2750565731980679
2019-12-19,1.2750565731980679
2019-12-20,1.2668101616947496
2019-12-23,1.2640613578603102
2019-12-24,1.2640613578603102
2019-12-25,1.2636820229311576
2019-12-26,1.2806930379058998
2019-12-27,1.3212699835963497
2019-12-30,1.4314074076132854
2019-12-31,1.4314074076132854
2020-01-02,1.4024238749772497
2020-01-03,1.3846181315376276
2020-01-06,1.3827884272712638
2020-01-07,1.3827884272712638
2020-01-08,1.378545470790556
2020-01-09,1.371473876656043
2020-01-10,1.351673413079407
2020-01-13,1.3526816809711057
2020-01-14,1.3480176969884163
2020-01-15,1.3650504149020086
2020-01-16,1.3607922354236106
2020-01-17,1.3579534491046785
2020-01-20,1.3579534491046785
2020-01-21,1.357545941328596
2020-01-22,1.3536872895597687
2020-01-23,1.314571559046911
2020-02-03,1.2374905606833382
2020-02-04,1.2604998139261958
2020-02-05,1.2616502765883384
2020-02-06,1.318777535493439
2020-02-07,1.3980882367955811
2020-02-10,1.3908422063807822
2020-02-11,1.4850406017731705
2020-02-12,1.4995326626027687
2020-02-13,1.4633025105287734
2020-02-14,1.4483756878742873
2020-02-17,1.4983821195217557
2020-02-18,1.4695587227481381
2020-02-19,1.5344113654887779
2020-02-20,1.6857341985502707
2020-02-21,1.6785283493568663
2020-02-24,1.656413598182308
2020-02-25,1.7113946415060886
2020-02-26,1.6638420980176012
2020-02-27,1.6955437936765927
2020-02-28,1.4974081958078955
2020-03-02,1.6242149784438618
2020-03-03,1.7029580277488394
2020-03-04,1.6973788128769762
2020-03-05,1.6703477330714394
2020-03-06,1.6281116708752876
2020-03-09,1.4659251920420648
2020-03-10,1.5385712190194458
2020-03-11,1.5482431083181158
2020-03-12,1.6085685488410557
2020-03-13,1.4869887219301854
2020-03-16,1.4261988084747501
2020-03-17,1.388205112565103
2020-03-18,1.36160952542835
2020-03-19,1.3479070989985358
2020-03-20,1.4929603274801888
2020-03-23,1.3475027268688362
2020-03-24,1.55114336772473
2020-03-25,1.6966009683360825
2020-03-26,1.6966009683360825
2020-03-27,1.7736459805105664
2020-03-30,1.7850979811793228
2020-03-31,1.8354311779235415
2020-04-01,1.8258439023532143
2020-04-02,1.9456848469823067
2020-04-03,1.952875303660052
2020-04-07,2.0050034780729256
2020-04-08,2.0019205370813937
2020-04-09,1.984550457444623
2020-04-10,1.937403098430532
2020-04-13,1.890255739416441
2020-04-14,1.9969576571851735
2020-04-15,2.0162039535667096
2020-04-16,2.0687843285658527
2020-04-17,2.1364746291652144
2020-04-20,2.1558147150507465
2020-04-21,2.0977944573941505
2020-04-22,2.1122995218082994
2020-04-23,2.1116656504934013
2020-04-24,2.1044469148819536
2020-04-27,2.117617386714553
2020-04-28,2.0868862857718216
2020-04-29,2.0781059712167553
2020-04-30,2.0824961284942884
2020-05-06,2.0862600298361818
2020-05-07,2.0523749339602775
2020-05-08,2.0705163255240704
2020-05-11,2.0584220644815416
2020-05-12,2.0342335423964846
2020-05-13,1.9979507592688988
2020-05-14,1.9792152371313918
2020-05-15,2.0315250244961547
2020-05-18,2.09687647100521
2020-05-19,2.1031004182917865
2020-05-20,2.0719806818589035
2020-05-21,2.1031004182917865
2020-05-22,2.096247229934537
2020-05-25,2.1211046442753996
2020-05-26,2.1465909327852417
2020-05-27,2.12429043033913
2020-05-28,2.0924325697018267
2020-05-29,2.086060997574366
2020-06-01,2.1077288029082215
2020-06-02,2.119717614823686
2020-06-03,2.1239246583424647
2020-06-04,2.119717614823686
2020-06-05,2.119717614823686
2020-06-08,2.119717614823686
2020-06-09,2.1190815098436464
2020-06-10,2.1236716337503565
2020-06-11,2.12889748211002
2020-06-12,2.1262845579301883
2020-06-15,2.0949294677722063
2020-06-16,2.1158328612108614
2020-06-17,2.146543604266097
2020-06-18,2.1918641723254186
2020-06-19,2.2194428910097797
2020-06-22,2.3067755001769226
2020-06-23,2.311371953290983
2020-06-24,2.375722296887825
2020-06-29,2.347438941941079
2020-06-30,2.351486610950685
2020-07-01,2.3895018164881923
2020-07-02,2.446524624794453
2020-07-03,2.5130512344850913
2020-07-06,2.7649019711710774
2020-07-07,2.897085592725683
2020-07-08,2.8918859953098597
2020-07-09,2.887555523571854
2020-07-10,2.8485812779298048
2020-07-13,2.8572422214058157
2020-07-14,2.831259390977783
2020-07-15,2.856384788001691
2020-07-16,2.8338557573300722
2020-07-17,2.8295213342830285
2020-07-20,2.816518065141898
2020-07-21,2.8295213342830285
2020-07-22,2.8815344108475514
2020-07-23,2.8850028161697954
2020-07-24,2.8753683098046716
2020-07-27,2.8797528125648078
2020-07-28,2.8841373153249443
2020-07-29,2.8797528125648078
2020-07-30,2.870983807044535
2020-07-31,2.8482063152056263
2020-08-03,2.829797423017039
2020-08-04,2.8385746381640518
2020-08-05,2.86490628360509
2020-08-06,2.891237929046128
2020-08-07,2.8956265366196345
2020-08-10,2.8903703013288458
2020-08-11,2.9070916504899413
2020-08-12,2.8074237090648086
2020-08-13,2.8601890898192908
2020-08-14,3.006759591915074
2020-08-17,3.1416044538431946
2020-08-18,3.1289395898981023
2020-08-19,3.043350237753349
2020-08-20,3.0558910777930204
2020-08-21,3.1499473780905585
2020-08-24,3.2157867882988356
2020-08-25,3.2189219983087534
2020-08-26,3.2273588484454425
2020-08-27,3.311964549651205
2020-08-28,3.3425266599584535
2020-08-31,3.318076971712655
2020-09-01,3.311964549651205
2020-09-02,3.256952751098158
2020-09-03,3.24375419814087
2020-09-04,3.328465145039866
2020-09-07,3.1815781624825434
2020-09-08,3.132615834963436
2020-09-09,2.985728852406113
2020-09-10,2.936766524887006
2020-09-11,2.9297667481390555
2020-09-14,2.9466439802245477
2020-09-15,2.970318863037792
2020-09-16,2.940725259521236
2020-09-17,2.9999124665543486
2020-09-18,3.035424790774216
2020-09-21,3.0404308447450763
2020-09-22,3.0155310954147683
2020-09-23,3.0515125255300948
2020-09-24,2.9975403803571052
2020-09-25,2.973552760280221
2020-09-28,2.919580615107231
2020-09-29,2.930694679179354
2020-09-30,2.9507490041983093
2020-10-09,3.0135496044664385
2020-10-12,3.2647520055389547
2020-10-13,3.280452155605987
2020-10-14,3.280452155605987
2020-10-15,3.2533086894934304
2020-10-16,3.246599272710738
2020-10-19,3.2490564545003853
2020-10-20,3.2359514849555984
2020-10-21,3.2474183333072872
2020-10-22,3.250694575693484
2020-10-23,3.2357992215906997
2020-10-26,3.2556821825004247
2020-10-27,3.2383040986035896
2020-10-28,3.2800114999559935
2020-10-29,3.2695846496178924
2020-10-30,3.186169846913084
2020-11-02,3.181739130642747
2020-11-03,3.19216829094521
2020-11-04,3.2433948601326597
2020-11-05,3.237703019111832
2020-11-06,3.2149356550285204
2020-11-09,3.2718540652367984
2020-11-10,3.3846748920311374
2020-11-11,3.319616445248842
2020-11-12,3.306807836385905
2020-11-13,3.380457337347794
2020-11-16,3.393265946210731
2020-11-17,3.3228185974645768
2020-11-18,3.3282238304047365
2020-11-19,3.331122580855621
2020-11-20,3.3545058864556543
2020-11-23,3.3272253632556152
2020-11-24,3.3350197984556265
2020-11-25,3.3584031040556597
2020-11-26,3.3651873804537495
2020-11-27,3.379976826025781
2020-11-30,3.4063084956693945
2020-12-01,3.5011025063864016
2020-12-02,3.5011025063864016
2020-12-03,3.5853638492459634
2020-12-04,3.5842879372243255
2020-12-07,3.5899248005383346
2020-12-08,3.642663119571865
2020-12-09,3.6215677919584532
2020-12-10,3.585130407898923
2020-12-11,3.5841715293710403
2020-12-14,3.585971727919287
2020-12-15,3.559844237702872
2020-12-16,3.556265423603152
2020-12-17,3.6027900068995096
2020-12-18,3.634999333796989
2020-12-21,3.6421569619964282
2020-12-22,3.6374862517148836
2020-12-23,3.6382330484122414
2020-12-24,3.6198526226835153
2020-12-25,3.6382330484122414
2020-12-28,3.614338494964898
2020-12-29,3.5683874306430825
2020-12-30,3.569154078200228
2020-12-31,3.5882480442829836
2021-01-04,3.6010801339323937
2021-01-05,3.560750709319962
2021-01-06,3.5552512423273575
2021-01-07,3.536919685685343
2021-01-08,3.5376908942732728
2021-01-11,3.474756392352063
2021-01-12,3.5129721890494596
2021-01-13,3.525710787948592
2021-01-14,3.5220711882631255
2021-01-15,3.5548275854323226
2021-01-18,3.6192539592646047
2021-01-19,3.621844418688064
2021-01-20,3.6181681830768255
2021-01-21,3.625520654299303
2021-01-22,3.5814058269644375
2021-01-25,3.517071703767758
2021-01-26,3.516016256523771
2021-01-27,3.5002192451205087
2021-01-28,3.3601682831206103
2021-01-29,3.227488424383864
2021-02-01,3.3454260765943054
2021-02-02,3.2717150439627796
2021-02-03,3.248626537211607
2021-02-04,3.22794624235228
2021-02-05,3.1603838187014315
2021-02-08,3.174459323628691
2021-02-09,3.3715163926103315
2021-02-10,3.34055028177036
2021-02-18,3.376133158226473
2021-02-19,3.4103801946051306
2021-02-22,3.3310454728713492
2021-02-23,3.3222305037898177
2021-02-24,3.3310454728713492
2021-02-25,3.3134155347082865
2021-02-26,3.268359583241856
2021-03-01,3.3585792454378764
2021-03-02,3.364942048000969
2021-03-03,3.400997929191827
2021-03-04,3.2185975890498413
2021-03-05,3.2504116018653035
2021-03-08,3.253676780047264
2021-03-09,3.1501875729843634
2021-03-10,3.2839003173698678
2021-03-11,3.4755552509890904
2021-03-12,3.4978407083866743
2021-03-15,3.2482435855337335
2021-03-16,3.2517245739792364
2021-03-17,3.350203398630344
2021-03-18,3.4972228607517457
2021-03-19,3.3804721114200444
2021-03-22,3.4020926205555444
2021-03-23,3.423713129691045
2021-03-24,3.379457677131407
2021-03-25,3.4173695303501996
2021-03-26,3.534146601915997
2021-03-29,3.5235305045009246
2021-03-30,3.5836883898530014
2021-03-31,3.4846048139789922
2021-04-01,3.494172040969455
2021-04-02,3.5176320100854066
2021-04-06,3.528135533254654
2021-04-07,3.5771519747111395
2021-04-08,3.6261684161676246
2021-04-09,3.612163718608629
2021-04-12,3.5865788867555386
2021-04-13,3.6318085090452756
2021-04-14,3.6781141050010397
2021-04-15,3.6823237046333817
2021-04-16,3.6696949057363555
2021-04-19,3.783354095809594
2021-04-20,3.7822187667887515
2021-04-21,3.8367049653761964
2021-04-22,3.8119845812795377
2021-04-23,3.8181646773037023
2021-04-26,3.7810841011587146
2021-04-27,3.7872641971828793
2021-04-28,3.7861276775240356
2021-04-29,3.792357846375494
2021-04-30,3.659769717590606
2021-05-06,3.7002827569415433
2021-05-07,3.659769717590606
2021-05-10,3.6008416603528777
2021-05-11,3.5850334723981416
2021-05-12,3.6060197068019497
2021-05-13,3.6060197068019497
2021-05-14,3.672204940138531
2021-05-17,3.7273593012523483
2021-05-18,3.7273593012523483
2021-05-19,3.7152132078478637
2021-05-20,3.7140986438855093
2021-05-21,3.790438641307041
2021-05-24,3.7734741974355894
2021-05-25,3.8286086400178068
2021-05-26,3.824367529049944
2021-05-27,3.8232198844220404
2021-05-28,3.8160426031816
2021-05-31,3.8069971302689294
2021-06-01,3.8220729184567137
2021-06-02,3.8552396524698387
2021-06-03,3.885391228845407
2021-06-04,3.823940205581653
2021-06-07,3.8375572714179773
2021-06-08,3.8346044218383772
2021-06-09,3.831651572258778
2021-06-10,3.8346044218383772
2021-06-11,3.852321519315976
2021-06-15,3.7301349659918026
2021-06-16,3.690241133755729
2021-06-17,3.65534382118408
2021-06-18,3.6514663420094524
2021-06-21,3.5855491960407826
2021-06-22,3.6320789461363145
2021-06-23,3.638741618602077
2021-06-24,3.651767325383624
2021-06-25,3.764705959520643
2021-06-28,3.8141166119555887
2021-06-29,3.7294126363528246
2021-06-30,3.785881953421334
2021-07-01,3.798858955416909
2021-07-02,3.86097504351891
2021-07-05,4.068313321381627
2021-07-06,4.0929127780772045
2021-07-07,4.226452685853191
2021-07-08,4.233481102051929
2021-07-09,4.2322107158240065
2021-07-12,4.27000761306302
2021-07-13,4.434955312756673
2021-07-14,4.443636770635287
2021-07-15,4.643310301843394
2021-07-16,4.539132807300034
2021-07-19,4.524752406397005
2021-07-20,4.535396976448023
2021-07-21,4.547398972220959
2021-07-22,4.553399970107428
2021-07-23,4.451383006037469
2021-07-26,4.271353069443423
2021-07-27,4.270071256294874
2021-07-28,4.252994656904565
2021-07-29,4.547845446488427
2021-07-30,4.432011207723338
2021-08-02,4.489928327105883
2021-08-03,4.437276400394478
2021-08-04,4.41489038071459
2021-08-05,4.507972374571631
2021-08-06,4.485759089637218
2021-08-09,4.624592120477299
2021-08-10,5.052197855464751
2021-08-11,4.9133648246246695
2021-08-12,4.861925520702049
2021-08-13,4.911229506487043
2021-08-16,4.939430930621046
2021-08-17,4.612294410666616
2021-08-18,4.691258398241823
2021-08-19,4.561531847225411
2021-08-20,4.36281220415061
2021-08-23,4.438563902138764
2021-08-24,4.646034591194839
2021-08-25,4.829794344358791
2021-08-26,4.5986127194105935
2021-08-27,4.592684985437563
2021-08-30,4.644640388164382
2021-08-31,4.538164634324756
2021-09-01,4.615225032921752
2021-09-02,4.468109726509306
2021-09-03,4.489126198853941
2021-09-06,4.727312885426474
2021-09-07,4.71188749527459
2021-09-08,4.668466016735298
2021-09-09,4.668466016735298
2021-09-10,4.647462060589943
2021-09-13,4.612455467014351
2021-09-14,4.640460741874825
2021-09-15,4.618070524623876
2021-09-16,4.6887486227063935
2021-09-17,4.91694976696609
2021-09-22,4.748801555406314
2021-09-23,4.778828021756274
2021-09-24,4.940970940046059
2021-09-27,5.089575525187974
2021-09-28,5.088048652530418
2021-09-29,4.888167140995763
2021-09-30,5.00661544412741
2021-10-08,4.965898839925907
2021-10-11,5.04363053885605
2021-10-12,5.0199145975124635
2021-10-13,5.1060760762408695
2021-10-14,5.243294698496335
2021-10-15,5.285222610852172
2021-10-18,5.437687746691579
2021-10-19,5.437687746691579
2021-10-20,5.310309986628867
2021-10-21,5.66078164412761
2021-10-22,5.302849147791299
2021-10-25,5.437807302147614
2021-10-26,5.45541053967235
2021-10-27,5.191361976801301
2021-10-28,4.94929868404948
2021-10-29,4.905147526478321
2021-11-01,4.996575457833915
2021-11-02,4.801529204275314
2021-11-03,5.045337021223564
2021-11-04,4.97219467613909
2021-11-05,4.897582169918417
2021-11-08,4.902424212496718
2021-11-09,4.839311040203954
2021-11-10,4.687839426701323
2021-11-11,4.769886550681915
2021-11-12,4.662594157784218
2021-11-15,4.604410124247519
2021-11-16,4.514360655763936
2021-11-17,4.565028167447541
2021-11-18,4.641029434972947
2021-11-19,4.793031970023759
2021-11-22,4.831032603786462
2021-11-23,4.829582879608415
2021-11-24,4.908012601989964
2021-11-25,4.8097004823032785
2021-11-26,4.686810332694922
2021-11-29,4.631509765371161
2021-11-30,4.637654272851579
2021-12-01,4.636262541907264
2021-12-02,4.605559149707976
2021-12-03,4.649527919863051
2021-12-06,4.664184176581409
2021-12-07,4.737465460173199
2021-12-08,4.766777973609916
2021-12-09,4.7848833360759935
2021-12-10,4.773622648619162
2021-12-13,4.862049650723237
2021-12-14,4.783447871075171
2021-12-15,4.719583925111118
2021-12-16,4.778535259847167
2021-12-17,4.7967458184082545
2021-12-20,4.6788143962156745
2021-12-21,4.740486842452352
2021-12-22,4.77474931258384
2021-12-23,4.77474931258384
2021-12-24,4.761044324531245
2021-12-27,4.766466017804851
2021-12-28,4.900034026216204
2021-12-29,4.86057308750671
2021-12-30,4.864726870528761
2021-12-31,4.9021109177272315
2022-01-04,4.781651210087718
2022-01-05,4.755301064419877
2022-01-06,4.799473251430603
2022-01-07,4.680047882232845
2022-01-10,4.695247474676195
2022-01-11,4.638791845600891
2022-01-12,4.866785732251159
2022-01-13,4.871837425368224
2022-01-14,4.881666343260819
2022-01-17,4.90989251606133
2022-01-18,4.983280565342659
2022-01-19,4.926828219741637
2022-01-20,5.01150673814317
2022-01-21,4.970498060728219
2022-01-24,4.980151525795938
2022-01-25,4.857560766450623
2022-01-26,4.896566917151405
2022-01-27,4.846416151964685
2022-01-28,4.707108470890463
2022-02-07,4.739119704309147
2022-02-08,4.682223323029687
2022-02-09,4.789210139096867
2022-02-10,4.761472816412783
2022-02-11,4.658448475014758
2022-02-14,4.678260848360533
2022-02-15,4.676856943585252
2022-02-16,4.6579703091429785
2022-02-17,4.666712097822577
2022-02-18,4.692937463861373
2022-02-21,4.692937463861373
2022-02-22,4.614261365744985
2022-02-23,4.621615832561131
2022-02-24,4.461082797103335
2022-02-25,4.499277969273262
2022-02-28,4.480180383188298
2022-03-01,4.531107279414867
2022-03-02,4.499277969273262
2022-03-03,4.517019626746193
2022-03-04,4.484778916572725
2022-03-07,4.307186691931422
2022-03-08,4.145037269432841
2022-03-09,4.13731586836148
2022-03-10,4.160480071575563
2022-03-11,3.943097150793215
2022-03-14,3.792375607146837
2022-03-15,3.453946111170573
2022-03-16,3.800246060541634
2022-03-17,4.178027823491882
2022-03-18,4.303955077808632
2022-03-21,4.428553012547
2022-03-22,4.53364069278577
2022-03-23,4.754659050158725
2022-03-24,4.623685208752529
2022-03-25,4.345365795764364
2022-03-28,4.44359617681901
2022-03-29,4.5159133833514415
2022-03-30,4.659017591001365
2022-03-31,4.627613464552468
2022-04-01,4.734387494478718
2022-04-06,4.6967025427400415
2022-04-07,4.6904217174502625
2022-04-08,4.7078510076294
2022-04-11,4.6480200631813435
2022-04-12,4.7442389158920175
2022-04-13,4.8748216445707895
2022-04-14,4.8954399701516484
2022-04-15,5.0672593499921375
2022-04-18,5.196282302340717
2022-04-19,5.218967347520967
2022-04-20,4.9886500137469225
2022-04-21,4.734088750101926
2022-04-22,4.6694382704460535
2022-04-25,4.35830783710217
2022-04-26,4.356999877085632
2022-04-27,4.789308075894666
2022-04-28,4.826832476749948
2022-04-29,4.997776969535127
2022-05-05,5.043640126136028
2022-05-06,4.956083190807035
2022-05-09,4.942091592541462
2022-05-10,5.03564918799719
2022-05-11,5.061569248797232
2022-05-12,5.061569248797232
2022-05-13,5.078849289330593
2022-05-16,5.096129329863955
2022-05-17,5.085962618016152
2022-05-18,5.042533944633291
2022-05-19,5.06348538693202
2022-05-20,5.330616276240798
2022-05-23,5.377757021412934
2022-05-24,5.341091997390162
2022-05-25,5.313307765971762
2022-05-26,5.305257749624994
2022-05-27,5.473114374066387
2022-05-30,5.647427022524755
2022-05-31,5.602234854405919
2022-06-01,5.602234854405919
2022-06-02,5.568283269703041
2022-06-06,5.586082306644169
2022-06-07,5.540653422159412
2022-06-08,5.618531509847566
2022-06-09,5.586082306644169
2022-06-10,5.495224537674655
2022-06-13,5.305426552201726
2022-06-14,5.377895447172892
2022-06-15,5.4048265464226475
2022-06-16,5.3711626723604535
2022-06-17,5.324033248673382
2022-06-20,5.357697122735576
2022-06-21,5.362820091090361
2022-06-22,5.32138832359454
2022-06-23,5.407671320109608
2022-06-24,5.467405702312347
2022-06-27,5.553688698827415
2022-06-28,5.493954316624675
2022-06-29,5.33969691173968
2022-06-30,5.338095002666158
2022-07-01,5.28615242570371
2022-07-04,5.2272841718129355
2022-07-05,5.241135525669588
2022-07-06,5.189192948707141
2022-07-07,5.222253706376045
2022-07-08,5.245025096805166
2022-07-11,5.220687030264132
2022-07-12,5.185918363776941
2022-07-13,5.015551897989707
2022-07-14,5.001644431394831
2022-07-15,4.986240173707682
2022-07-18,5.0637818784958695
2022-07-19,5.170310786411058
2022-07-20,5.173747202795419
2022-07-21,5.170310786411058
2022-07-22,5.118764540645644
2022-07-25,5.110357691602943
2022-07-26,5.152280006843107
2022-07-27,5.074060246257347
2022-07-28,5.082751330766876
2022-07-29,4.8220187954810125
2022-08-01,4.83940096450007
2022-08-02,4.759752389620944
2022-08-03,4.778033583529818
2022-08-04,4.886433741471496
2022-08-05,5.014543019038934
2022-08-08,4.955415660161655
2022-08-09,4.9258519807230154
2022-08-10,4.904670589861212
2022-08-11,4.987279255939017
2022-08-12,5.037727296291875
2022-08-15,5.11059668791267
2022-08-16,5.172255403899497
2022-08-17,5.250730133337276
2022-08-18,5.249154472876922
2022-08-19,5.296183008691328
2022-08-22,5.27674169582882
2022-08-23,5.24757972653506
2022-08-24,5.14065250579127
2022-08-25,5.364227603710102
2022-08-26,5.498666226285625
2022-08-29,5.483166081767146
2022-08-30,5.455464992465958
2022-08-31,5.296183728984133
2022-09-01,5.233856278056463
2022-09-02,5.240781550381759
2022-09-05,5.246132015780283
2022-09-06,5.278550392260518
2022-09-07,5.414519256600396
2022-09-08,5.335204085735467
2022-09-09,5.323873347040477
2022-09-13,5.323873347040477
2022-09-14,5.2429843365708155
2022-09-15,5.035286049005467
2022-09-16,4.924295453170803
2022-09-19,4.963934951683183
2022-09-20,5.085496080454482
2022-09-21,5.0643550145812135
2022-09-22,5.023207629545422
2022-09-23,4.985633249550945
2022-09-26,5.061046941117228
2022-09-27,5.090556646512729
2022-09-28,4.893825277209384
2022-09-29,4.982354393395889
2022-09-30,4.964469872498138
2022-10-10,4.9202754143536085
2022-10-11,4.834865179988049
2022-10-12,4.962980531536388
2022-10-13,4.738778666326795
2022-10-14,4.77080750421388
2022-10-17,4.673318127453172
2022-10-18,4.702933730205996
2022-10-19,4.589202536838773
2022-10-20,4.47547134347155
2022-10-21,4.47547134347155
2022-10-24,4.13427776336988
2022-10-25,4.164045352353842
2022-10-26,4.203821216111227
2022-10-27,4.244846293474319
2022-10-28,4.029464637318087
2022-10-31,4.101258522703498
2022-11-01,4.439715410949007
2022-11-02,4.356357581881874
2022-11-03,4.380015474503481
2022-11-04,4.592216273620936
2022-11-07,4.6171810735171075
2022-11-08,4.542286673828594
2022-11-09,4.467392274140081
2022-11-10,4.434855026315403
2022-11-11,4.424236915302136
2022-11-14,4.3870862972806455
2022-11-15,4.4613875333236255
2022-11-16,4.45674370607094
2022-11-17,4.452099878818253
2022-11-18,4.455406283822167
2022-11-21,4.476213828357607
2022-11-22,4.493929161494077
2022-11-23,4.555932827471722
2022-11-24,4.5957923270287795
2022-11-25,4.719799658984068
2022-11-28,4.665253262490221
2022-11-29,4.676195626359333
2022-11-30,4.663853686511475
2022-12-01,4.7214494058014775
2022-12-02,4.659739706562189
2022-12-05,4.676195626359333
2022-12-06,4.674792347798632
2022-12-07,4.706310982966113
2022-12-08,4.735939948550753
2022-12-09,4.703018875678931
2022-12-12,4.637176729935288
2022-12-13,4.518660867596731
2022-12-14,4.517304848605141
2022-12-15,4.585702158489315
2022-12-16,4.476091084956985
2022-12-19,4.439554060446207
2022-12-20,4.456161798860197
2022-12-21,4.343229177645069
2022-12-22,4.361849109645297
2022-12-23,4.322551370267829
2022-12-26,4.588475662779854
2022-12-27,4.702443216713579
2022-12-28,4.730071714636907
2022-12-29,4.698989654473164
2022-12-30,4.721747248212608
2023-01-03,4.779973847173462
2023-01-04,4.665657861164104
2023-01-05,4.680568641947933
2023-01-06,4.745182025344527
2023-01-09,4.789914367696015
2023-01-10,4.783508199245256
2023-01-11,4.99723094235823
2023-01-12,4.9772162637003
2023-01-13,4.967208924371334
2023-01-16,4.9772162637003
2023-01-17,4.922175897390992
2023-01-18,4.920698814106037
2023-01-19,4.85789424680799
2023-01-20,4.933652806262702
2023-01-30,4.922830154912029
2023-01-31,4.875931999059112
2023-02-01,4.9083999531111315
2023-02-02,4.8492234993008765
2023-02-03,4.83339001171943
2023-02-06,4.829795331586516
2023-02-07,4.880120853447312
2023-02-08,5.020313378630954
2023-02-09,4.995150617700556
2023-02-10,5.0008388395428796
2023-02-13,5.071683453562523
2023-02-14,5.035511020726769
2023-02-15,5.0083816960999545
2023-02-16,5.098812778189337
2023-02-17,5.0083816960999545
2023-02-20,5.006878731515629
2023-02-21,4.985664546905954
2023-02-22,4.956096365420626
2023-02-23,4.9068160629450785
2023-02-24,4.867391820964641
2023-02-27,4.818111518489093
2023-02-28,4.826518738091421
2023-03-01,5.047405618773629
2023-03-02,4.982557958185069
2023-03-03,5.121517230874841
2023-03-06,5.0844614248242355
2023-03-07,4.973294006672417
2023-03-08,4.916234550120544
2023-03-09,4.9177088306554
2023-03-10,4.846929209057984
2023-03-13,4.7761495874605675
2023-03-14,4.740759776661859
2023-03-15,4.731912323962182
2023-03-16,4.683320049329926
2023-03-17,4.737229857047371
2023-03-20,4.626600249582884
2023-03-21,4.737229857047371
2023-03-22,4.820202062645736
2023-03-23,4.967708205931718
2023-03-24,4.975433840186321
2023-03-27,4.9378471029346995
2023-03-28,4.996152968249383
2023-03-29,5.004482377580052
2023-03-30,5.001705907803163
2023-03-31,4.976717679811155
2023-04-03,5.102903511172172
2023-04-04,4.973329304783134
2023-04-06,5.007223128842581
2023-04-07,4.995925187489432
2023-04-10,5.067478816059374
2023-04-11,5.048648913804126
2023-04-12,5.050898710525583
2023-04-13,5.094180768721965
2023-04-14,5.026984777007655
2023-04-17,5.026984777007655
2023-04-18,5.080181603781483
2023-04-19,4.937390121388576
2023-04-20,4.868732616854481
2023-04-21,4.805713308810345
2023-04-24,4.842088897327074
2023-04-25,4.83369453074629
2023-04-26,4.89525321900537
2023-04-27,4.867271997069425
2023-04-28,4.907770618638415
2023-05-04,4.81897140811762
2023-05-05,4.8713675357187425
2023-05-08,4.80150603225058
2023-05-09,4.81897140811762
2023-05-10,4.7665752805164985
2023-05-11,4.782605002487269
2023-05-12,4.720821892879427
2023-05-15,4.796257303013296
2023-05-16,4.725850920221686
2023-05-17,4.680589674141364
2023-05-18,4.635328428061044
2023-05-19,4.62890988046412
2023-05-22,4.722294146862931
2023-05-23,4.6325092569401365
2023-05-24,4.512796070376409
2023-05-25,4.467903625415011
2023-05-26,4.492843872615788
2023-05-29,4.5014687089027605
2023-05-30,4.500118268290089
2023-05-31,4.55030186593672
2023-06-01,4.490081548760763
2023-06-02,4.5051366280547525
2023-06-05,4.555320225701383
2023-06-06,4.548936370244755
2023-06-07,4.558325676024569
2023-06-08,4.612095609478998
2023-06-09,4.590587636097227
2023-06-12,4.558325676024569
2023-06-13,4.57983364940634
2023-06-14,4.578459289907245
2023-06-15,4.6126170326406175
2023-06-16,4.61769292985781
2023-06-19,4.6126170326406175
2023-06-20,4.556782163251505
2023-06-21,4.500947293862392
2023-06-26,4.489447848716844
2023-06-27,4.579930629449619
2023-06-28,4.702370116232805
2023-06-29,4.630947082275946
2023-06-30,4.702370116232805
2023-07-03,4.814606312450726
2023-07-04,4.808061411717636
2023-07-05,4.756476985524181
2023-07-06,4.7843336565074805
2023-07-07,4.74533431713086
2023-07-10,4.806618993294121
2023-07-11,4.76204831972084
2023-07-12,4.749479946906595
2023-07-13,4.918490986184722
2023-07-14,4.992346535598341
2023-07-17,4.873041417314802
2023-07-18,4.8048670640099225
2023-07-19,4.867360221206062
2023-07-20,4.8431816186868755
2023-07-21,4.8475497959544995
2023-07-24,4.83590753244804
2023-07-25,4.899939981733564
2023-07-26,4.766053951409287
2023-07-27,4.702021502123764
2023-07-28,4.683152303545671
2023-07-31,4.809101314193302
2023-08-01,4.797523681798875
2023-08-02,4.785946049404449
2023-08-03,4.739635519826741
2023-08-04,4.866989476165436
2023-08-07,4.877103116943588
2023-08-08,4.792977221314545
2023-08-09,4.772311530141056
2023-08-10,4.830175465426827
2023-08-11,4.718580733089982
2023-08-14,4.685515627212398
2023-08-15,4.671713838705272
2023-08-16,4.601778625208351
2023-08-17,4.647467758105224
2023-08-18,4.5789340587599145
2023-08-21,4.521822642638823
2023-08-22,4.590356341984133
2023-08-23,4.566141101548791
2023-08-24,4.668752690243695
2023-08-25,4.632585235974001
2023-08-28,4.7003992127296765
2023-08-29,4.804380643755045
2023-08-30,4.808901575538758
2023-08-31,4.802938918609219
2023-09-01,4.829884200755203
2023-09-04,4.92071992498422
2023-09-05,4.898010993926966
2023-09-06,4.8525931318124575
2023-09-07,4.82420696799089
2023-09-08,4.817083744041506
2023-09-11,4.853755997703983
2023-09-12,4.863285342400405
2023-09-13,4.806109274221871
2023-09-14,4.7441685336951265
2023-09-15,4.7203451719540706
2023-09-18,4.69987566307892
2023-09-19,4.670089092602916
2023-09-20,4.602694649132351
2023-09-21,4.56012973746673
2023-09-22,4.645259560797971
2023-09-25,4.616882953020891
2023-09-26,4.6119514532968315
2023-09-27,4.628004357287295
2023-09-28,4.558258399581483
2023-10-09,4.593131378434389
2023-10-10,4.654159091426974
2023-10-11,4.74134153855924
2023-10-12,4.827075013420167
2023-10-13,4.750399747849852
2023-10-16,4.687710461961278
2023-10-17,4.700248319138993
2023-10-18,4.593676533128418
2023-10-19,4.549794033006417
2023-10-20,4.535894564539201
2023-10-23,4.458830409835388
2023-10-24,4.509299334058356
2023-10-25,4.603928566976419
2023-10-26,4.616545798032161
2023-10-27,4.736409493061709
2023-10-30,4.728681439040067
2023-10-31,4.727262834608355
2023-11-01,4.696071004535532
2023-11-02,4.658640808448143
2023-11-03,4.696071004535532
2023-11-06,4.752216298666615
2023-11-07,4.738317219186164
2023-11-08,4.75723184942464
2023-11-09,4.8741645704989764
2023-11-10,4.78265200617993
2023-11-13,4.828408288339453
2023-11-14,4.808072162935221
2023-11-15,4.8777844008209295
2023-11-16,4.867288131425089
2023-11-17,4.8401893291983065
2023-11-20,4.867288131425089
2023-11-21,4.885353999576278
2023-11-22,4.867288131425089
2023-11-23,4.856797281789694
2023-11-24,4.85829989969339
2023-11-27,4.6748011602229695
2023-11-28,4.695518759840597
2023-11-29,4.722155673634691
2023-11-30,4.864219213869855
2023-12-01,4.735532435776375
2023-12-04,4.619684412355879
2023-12-05,4.566871782960603
2023-12-06,4.552201608128582
2023-12-07,4.452444419270839
2023-12-08,4.575673887859816
2023-12-11,4.635897009369739
2023-12-12,4.6178103326701585
2023-12-13,4.495373676960513
2023-12-14,4.489808374428257
2023-12-15,4.51763488708954
2023-12-18,4.400763533912151
2023-12-19,4.39387925467975
2023-12-20,4.332520504814554
2023-12-21,4.485351087586023
2023-12-22,4.550849908773796
2023-12-25,4.550849908773796
2023-12-26,4.550849908773796
2023-12-27,4.554940855980481
2023-12-28,4.729023947435527
2023-12-29,4.7222758869081485
2024-01-02,4.695283644798635
2024-01-03,4.749268129017663
2024-01-04,4.7020317053260134
2024-01-05,4.700620685869739
2024-01-08,4.638860162755521
2024-01-09,4.638860162755521
2024-01-10,4.511453895948782
2024-01-11,4.665682534714835
2024-01-12,4.56509863986741
2024-01-15,4.5503215245957245
2024-01-16,4.535533650779656
2024-01-17,4.414728654551451
2024-01-18,4.501976707382933
2024-01-19,4.535533650779656
2024-01-22,4.280500880964556
2024-01-23,4.225541319069403
2024-01-24,4.276961204293001
2024-01-25,4.46663637572255
2024-01-26,4.419217582865163
2024-01-29,4.334917506674252
2024-01-30,4.266423694769137
2024-01-31,4.223005994277961
2024-02-01,4.305362973554489
2024-02-02,4.124177897892398
2024-02-05,4.026616703305118
2024-02-06,4.333237600579426
2024-02-07,4.444736108679174
2024-02-08,4.485201704731276
2024-02-19,4.453482317776982
2024-02-20,4.4332331001483976
2024-02-21,4.595226841177067
2024-02-22,4.625600667619943
2024-02-23,4.655974494062818
2024-02-26,4.624212583751503
2024-02-27,4.72508063509619
2024-02-28,4.639867872496346
2024-02-29,4.793250845176065
2024-03-01,4.872782756935918
2024-03-04,4.895506160295877
2024-03-05,4.854283066175492
2024-03-06,4.85282678125564
2024-03-07,4.865928759841808
2024-03-08,4.869204254488351
2024-03-11,4.793867877617881
2024-03-12,4.803694361557508
2024-03-13,4.8022528163635645
2024-03-14,4.829897117199188
2024-03-15,4.891298734635869
2024-03-18,4.923615375392017
2024-03-19,4.968858672450624
2024-03-20,5.007638641358001
2024-03-21,4.98998244468088
2024-03-22,5.00551610675526
2024-03-25,4.962939464735799
2024-03-26,4.83946720287936
2024-03-27,4.809663553465737
2024-03-28,4.835209538677414
2024-03-29,4.82524575291202
2024-04-01,4.847052375585722
2024-04-02,4.812171080986358
2024-04-03,4.777289786386994
2024-04-08,4.695900098988479
2024-04-09,4.707527197188266
2024-04-10,4.706114504756992
2024-04-11,4.718920538999997
2024-04-12,4.761574144783293
2024-04-15,4.804227750566589
2024-04-16,4.633613327433405
2024-04-17,4.846881356349885
2024-04-18,4.816999661924967
2024-04-19,4.700521734278928
2024-04-22,4.729279941215792
2024-04-23,4.7149008377473605
2024-04-24,4.8155545620263895
2024-04-25,4.829933665494822
2024-04-26,4.814109462127812
2024-04-29,4.74414981372331
2024-04-30,4.747755888226776
2024-05-06,4.754968037233709
2024-05-07,4.80545308028224
2024-05-08,4.762180186240642
2024-05-09,4.746331128190457
2024-05-10,4.751079310943275
2024-05-13,4.692444531076163
2024-05-14,4.704788695258713
2024-05-15,4.6831864079392505
2024-05-16,4.6831864079392505
2024-05-17,4.691036370547039
2024-05-20,4.757125985830797
2024-05-21,4.71110535433426
2024-05-22,4.6804249333365675
2024-05-23,4.622132133440954
2024-05-24,4.6129280071416465
2024-05-27,4.636080680043345
2024-05-28,4.628613734371385
2024-05-29,4.6741846453809845
2024-05-30,4.619499552169464
2024-05-31,4.586080884095757
2024-06-03,4.555700276756024
2024-06-04,4.426772878164104
2024-06-05,4.365079761598417
2024-06-06,4.27788575036185
2024-06-07,4.2845929819954325
2024-06-11,4.298007445262597
2024-06-12,4.371786993231998
2024-06-13,4.363769839260378
2024-06-14,4.397093802270984
2024-06-17,4.390167183478507
2024-06-18,4.334754233138693
2024-06-19,4.313974376761262
2024-06-20,4.272414664006401
2024-06-21,4.257283465254236
2024-06-24,4.3418674593458375
2024-06-25,4.3418674593458375
2024-06-26,4.363332754128632
2024-06-27,4.291781771519317
2024-06-28,4.220230788910002
2024-07-01,4.211811384786364
2024-07-02,4.142615399680825
2024-07-03,4.136439723163543
2024-07-04,4.0438045754043115
2024-07-05,4.0808586345080045
2024-07-08,3.951169427645081
2024-07-09,3.9376360501251093
2024-07-10,4.00488129414637
2024-07-11,4.154175551971018
2024-07-12,4.179057928275126
2024-07-15,4.123072581590883
2024-07-16,4.222602086807315
2024-07-17,4.264866047078659
2024-07-18,4.321415279428313
2024-07-19,4.350329625510202
2024-07-22,4.3647867985511475
2024-07-23,4.212986481621229
2024-07-24,4.1334720298960335
2024-07-25,4.110552350615572
2024-07-26,4.262825289290222
2024-07-29,4.424859510580047
2024-07-30,4.305465873840176
2024-07-31,4.359477280936785
2024-08-01,4.518668796589947
2024-08-02,4.335434245203011
2024-08-05,4.3170144273866935
2024-08-06,4.342693208700828
2024-08-07,4.406890161986165
2024-08-08,4.398330568214787
2024-08-09,4.406890161986165
2024-08-12,4.379896627068747
2024-08-13,4.4754428461014975
2024-08-14,4.638894413386716
2024-08-15,4.6842976265214995
2024-08-16,4.8477491938067185
2024-08-19,4.732727720531935
2024-08-20,4.843268502046491
2024-08-21,4.89134302501519
2024-08-22,4.86266920718822
2024-08-23,4.84442223220742
2024-08-26,4.883522892880562
2024-08-27,4.927836974976789
2024-08-28,4.965447118465071
2024-08-29,5.0564813436798115
2024-08-30,5.241529062380374
2024-09-02,5.041060700454764
2024-09-03,5.087322630129905
2024-09-04,5.041060700454764
2024-09-05,5.0395479353543875
2024-09-06,4.952458841882858
2024-09-09,4.876390193802036
2024-09-10,4.904915936832344
2024-09-11,4.866881612791934
2024-09-12,4.7717958026909075
2024-09-13,4.760858081954987
2024-09-18,4.730162254354448
2024-09-19,4.8569883917835766
2024-09-20,4.866744248508894
2024-09-23,4.876500105234212
2024-09-24,5.1691758069937395
2024-09-25,5.235895135552514
2024-09-26,5.18876182776121
2024-09-27,5.158386801594118
2024-09-30,5.264699393178941
2024-10-08,5.572246533120749
2024-10-09,5.427965158827061
2024-10-10,5.47568090774512
2024-10-11,5.421421154391325
2024-10-14,5.4529913838402075
2024-10-15,5.617858137628819
2024-10-16,5.519639646010072
2024-10-17,5.589795711452034
2024-10-18,5.567077774340618
2024-10-21,5.59494122010296
2024-10-22,5.583127792465103
2024-10-23,5.606754647740819
2024-10-24,5.60084793392189
2024-10-25,5.538827438823135
2024-10-28,5.525355405944922
2024-10-29,5.596939519974583
2024-10-30,5.6027988576266985
2024-10-31,5.567642831714005
2024-11-01,5.517838461671023
2024-11-04,5.5529944875837165
2024-11-05,5.536684142328405
2024-11-06,5.50618624051108
2024-11-07,5.722462964820783
2024-11-08,5.679207619958843
2024-11-11,5.722462964820783
2024-11-12,5.7945552062573515
2024-11-13,5.763988095888247
2024-11-14,5.778941933022108
2024-11-15,5.770600416240794
2024-11-18,5.879040134397881
2024-11-19,5.862357100835252
2024-11-20,5.837332550491309
2024-11-21,5.818902803314674
2024-11-22,5.629450590431271
2024-11-25,5.504312895736332
2024-11-26,5.504312895736332
2024-11-27,5.660735014105006
2024-11-28,5.566881743083801
2024-11-29,5.5652111548596235
2024-12-02,5.612791247750862
2024-12-03,5.60731906372445
2024-12-04,5.612791247750862
2024-12-05,5.574485959565987
2024-12-06,5.629207799830093
2024-12-09,5.616577451878735
2024-12-10,5.558211421789349
2024-12-11,5.578822715190738
2024-12-12,5.661267888796298
2024-12-13,5.516988834986569
2024-12-16,5.419085191329968
2024-12-17,5.417458960280598
2024-12-18,5.395156398316634
2024-12-19,5.381371515466047
2024-12-20,5.346909308339581
2024-12-23,5.353801749764874
2024-12-24,5.436511046868394
2024-12-25,5.483112221833088
2024-12-26,5.467497575499448
2024-12-27,5.425588437498176
2024-12-30,5.43257329383172
2024-12-31,5.285891310827268
2025-01-02,5.160163896823453
2025-01-03,5.179563636804241
2025-01-06,5.1494328648894525
2025-01-07,5.242307799066632
2025-01-08,5.2565962504785055
2025-01-09,5.270884701890379
2025-01-10,5.120855962065705
2025-01-13,5.069324662048782
2025-01-14,5.292483074048452
2025-01-15,5.327589200516933
2025-01-16,5.348652876398022
2025-01-17,5.299504299342147
2025-01-20,5.31354674992954
2025-01-21,5.3330095864436675
2025-01-22,5.314094717377983
2025-01-23,5.331409683567735
2025-01-24,5.32563802817115
2025-01-27,5.412212859119911
2025-02-05,5.354496305154071
2025-02-06,5.364429324091592
2025-02-07,5.439046344482167
2025-02-10,5.448574638130642
2025-02-11,5.381876582591315
2025-02-12,5.458102931779117
2025-02-13,5.629612217451673
2025-02-14,5.608871980667037
2025-02-17,5.551100599266166
2025-02-18,5.472576391536828
2025-02-19,5.444532031633492
2025-02-20,5.45014090361416
2025-02-21,5.416487671730157
2025-02-24,5.403647841992014
2025-02-25,5.460881999832658
2025-02-26,5.402026747639416
2025-02-27,5.3873129345911055
2025-02-28,5.394669841115261
2025-03-03,5.420419013949804
2025-03-04,5.374664205204125
2025-03-05,5.450731054606904
2025-03-06,5.4433330309245855
2025-03-07,5.358255758577927
2025-03-10,5.336061687530973
2025-03-11,5.088227894173315
2025-03-12,5.086700942085285
2025-03-13,5.012714804422527
2025-03-14,5.067059899957627
2025-03-17,5.085174931802659
2025-03-18,5.106912970016699
2025-03-19,5.0598138872196134
2025-03-20,5.134355794059377
2025-03-21,5.129220000070417
2025-03-24,5.247871079344898
2025-03-25,5.312589849858251
2025-03-26,5.280230464601575
2025-03-27,5.1364109745719
2025-03-28,5.088142277328141
2025-03-31,5.12568026671656
2025-04-01,5.12568026671656
2025-04-02,5.115914158698655
2025-04-03,5.086615834644943
2025-04-07,4.608076541767631
2025-04-08,4.635983195428793
2025-04-09,4.880918483061068
2025-04-10,5.03250376465547
2025-04-11,5.127244565651971
2025-04-14,5.1398766724515035
2025-04-15,5.108296405452671
2025-04-16,5.08150686495756
2025-04-17,5.112348698662133
2025-04-18,5.177081270190255
2025-04-21,5.274180127482438
2025-04-22,5.209447555954316
2025-04-23,5.338912699010559
2025-04-24,5.337310567865239
2025-04-25,5.3691197694858985
2025-04-28,5.3691197694858985
2025-04-29,5.352414572090389
2025-04-30,5.360767170788144
2025-05-06,5.4944087499522185
2025-05-07,5.559560690314444
2025-05-08,5.566505619458728
2025-05-09,5.609569606215618
2025-05-12,5.609569606215618
2025-05-13,5.575118416810106
2025-05-14,5.644020795621129
2025-05-15,5.577750487680688
2025-05-16,5.6010149441484565
2025-05-19,5.617640131891171
2025-05-20,5.6592031012479564
2025-05-21,5.650890507376599
2025-05-22,5.592702350277099
2025-05-23,5.599334137667668
2025-05-26,5.602011795899262
2025-05-27,5.593296878953476
2025-05-28,5.567152128116117
2025-05-29,5.697875882302911
2025-05-30,5.545364835751651
2025-06-03,5.670029108186041
2025-06-04,5.690917856856718
2025-06-05,5.803866643872376
2025-06-06,5.803866643872376
2025-06-09,5.815161522573942
2025-06-10,5.690917856856718
2025-06-11,5.689210071197041
2025-06-12,5.701195751186987
2025-06-13,5.612194871613507
2025-06-16,5.619041093119159
2025-06-17,5.59165620709655
2025-06-18,5.632733536130464
2025-06-19,5.610510701123117
2025-06-20,5.7112091300500625
2025-06-23,5.6395420225539645
2025-06-24,5.680494655408878
2025-06-25,5.690732813622606
2025-06-26,5.690732813622606
2025-06-27,5.678790002066292
2025-06-30,5.7079493542073365
2025-07-01,5.677086365065672
2025-07-02,5.697661691160115
2025-07-03,5.7079493542073365
2025-07-04,5.7079493542073365
2025-07-07,5.716521035058282
2025-07-08,5.779399536771022
2025-07-09,5.714806078747764
2025-07-10,5.714806078747764
2025-07-11,5.763251172265208
2025-07-14,5.7551769900123
2025-07-15,5.777665202423098
2025-07-16,5.7799386054992805
2025-07-17,5.763911794951643
2025-07-18,5.860072658237465
2025-07-21,5.807985523957645
2025-07-22,5.78394530813619
2025-07-23,5.778204103927763
2025-07-24,5.796464428523324
2025-07-25,5.82445572868076
2025-07-28,5.7844681570272805
2025-07-29,5.848448271672847
2025-07-30,6.0363898584442
2025-07-31,6.086546669444875
2025-08-01,6.106202634865612
2025-08-04,6.142005850568229
2025-08-05,6.235094211395033
2025-08-06,6.227933568254509
2025-08-07,6.256576140816604
2025-08-08,6.254698620185159
2025-08-11,6.202497049287268
2025-08-12,6.216875666804935
2025-08-13,6.159361196734267
2025-08-14,6.152171887975434
2025-08-15,6.065900182869431
2025-08-18,6.0425183939930776
2025-08-19,6.055007457158887
2025-08-20,6.083611094526902
2025-08-21,6.112214731894917
2025-08-22,6.090762003868906
2025-08-25,6.133667459920928
2025-08-26,6.117529287717894
2025-08-27,6.094092583706587
2025-08-28,6.115694028931578
2025-08-29,6.145936052246569
2025-09-01,6.145936052246569
2025-09-02,6.206420098876548
2025-09-03,6.252066544810384
2025-09-04,6.306799173240595
2025-09-05,6.388566643142542
2025-09-08,6.432595280782051
2025-09-09,6.420015670027905
2025-09-10,6.363407421634251
2025-09-11,6.3677857551572306
2025-09-12,6.390945442088783
2025-09-15,6.472423015727605
2025-09-16,6.497493038385704
2025-09-17,6.641645668669776
2025-09-18,6.472423015727605
2025-09-19,6.470480715722169
2025-09-22,6.512782174691877
2025-09-23,6.41323631752692
2025-09-24,6.468539571507451
2025-09-25,6.468539571507451
2025-09-26,6.446418269915239
2025-09-29,6.433426429490133
2025-09-30,6.597278795006168
2025-10-09,6.6721482630135345
2025-10-10,6.591930975862785
2025-10-13,6.677496082156918
2025-10-14,6.591930975862785
2025-10-15,6.584606602764007
2025-10-16,6.613837887146988
2025-10-17,6.473407888509841
2025-10-20,6.457804555327936
2025-10-21,6.535821221237462
2025-10-22,6.489011221691746
2025-10-23,6.471465273528694
2025-10-24,6.516321620015542
2025-10-27,6.516321620015542
2025-10-28,6.489580027976166
2025-10-29,6.603231794143509
2025-10-30,6.49626542598601
2025-10-31,6.480949179145458
2025-11-03,6.615104827153769
2025-11-04,6.5373334370040235
2025-11-05,6.524371538645733
2025-11-06,6.446600148495988
2025-11-07,6.375309707525387
2025-11-10,6.379875536222095
2025-11-11,6.246868240625158
2025-11-12,6.211910018508873
2025-11-13,6.325524240386801
2025-11-14,6.1157749076890875
2025-11-17,6.1070353521600165
2025-11-18,6.087728800040745
2025-11-19,6.1297286504898905
2025-11-20,6.094804671996968
2025-11-21,6.043445880095611
2025-11-24,6.063304612964135
2025-11-25,6.168076548442902
2025-11-26,6.16964846986703
2025-11-27,6.158843078272561
2025-11-28,6.230479054700625
2025-12-01,6.337933019342722
2025-12-02,6.248388048807642
2025-12-03,6.194661066486593
2025-12-04,6.1838503021938935
2025-12-05,6.3010425326000155
2025-12-08,6.387021199903246
2025-12-09,6.413476174458086
2025-12-10,6.3341112507935655
2025-12-11,6.261360070767755
2025-12-12,6.266092865715615
2025-12-15,6.300121879493239
2025-12-16,6.1923953545812225
2025-12-17,6.1923953545812225
2025-12-18,6.312091493372352
2025-12-19,6.288152265614126
2025-12-22,6.28028224448861
2025-12-23,6.244327912557639
2025-12-24,6.221614414385891
2025-12-25,6.289754908901138
2025-12-26,6.244327912557639
2025-12-29,6.164830668956518
2025-12-30,6.162980654530429
2025-12-31,6.10417260456207
2026-01-05,6.21809091610607
2026-01-06,6.263658240723671
2026-01-07,6.22948274726047
2026-01-08,6.21809091610607
2026-01-09,6.227613347768034
2026-01-12,6.179714878149766
2026-01-13,6.244698669604737
2026-01-14,6.1959608260135095
2026-01-15,6.1770072201724755
2026-01-16,6.139100008490409
2026-01-19,6.0885344957645104
2026-01-20,6.133303862679285
2026-01-21,6.040112008152277
2026-01-22,6.016814044520525
2026-01-23,5.95468614150252
2026-01-26,5.985750093011522
2026-01-27,5.983953820015515
2026-01-28,5.993777961675366
2026-01-29,6.597983007579844
2026-01-30,6.28426115682175
2026-02-02,6.377215779268593
2026-02-03,6.400454434880304
2026-02-04,6.375302075978969
2026-02-05,6.358282134465231
2026-02-06,6.279723909832315
2026-02-09,6.4187115380290125
2026-02-10,6.385475366068932
2026-02-11,6.367346544999799
2026-02-12,6.365435767259112
2026-02-13,6.443710889411074
2026-02-24,6.4190386577550305
2026-02-25,6.45296297628209
2026-02-26,6.594828308304337
2026-02-27,6.523895642293215
2026-03-02,6.451026514499986
2026-03-03,6.261389056812866
2026-03-04,6.172477512202605
2026-03-05,6.182356572714856
2026-03-06,6.350300601423125
2026-03-09,6.3107843593741215
2026-03-10,6.417527608208995
2026-03-11,6.376590024040763
2026-03-12,6.327824616683552
2026-03-13,6.298565372269225
2026-03-16,6.483873920226628
2026-03-17,6.4546146758123015
2026-03-18,6.4624278693790735
2026-03-19,6.46048914101826
2026-03-20,6.266553745131763
2026-03-23,5.928730797458511
2026-03-24,6.078874329757734
2026-03-25,6.19773795949462
2026-03-26,6.183369849051635
2026-03-27,6.49380624461468
2026-03-30,6.598999139441714
2026-03-31,6.516817190358093
2026-04-01,6.658170142781921
2026-04-02,6.543115414064853
2026-04-03,6.53786563115739
2026-04-07,6.5307563457742175
2026-04-08,6.860223590178999
2026-04-09,6.808744333240752
2026-04-10,6.891111144341948
2026-04-13,6.952886252667845
2026-04-14,6.997117230229187
2026-04-15,7.042176425171182
2026-04-16,7.0598607989628315
2026-04-17,6.947859764949054
2026-04-20,6.936070182421288
2026-04-21,7.107019129073896
2026-04-22,7.110779416421128
2026-04-23,7.346105879484922
2026-04-24,7.590071321493881
2026-04-27,7.489232272130178
2026-04-28,7.7104276062183015
2026-04-29,7.8112666555820045
2026-04-30,8.195898342719001
2026-05-06,8.093944600922176
2026-05-07,8.106381472458928
2026-05-08,8.14369208706918
2026-05-11,8.093944600922176
2026-05-12,7.9820127570914154
2026-05-13,7.979617415633437
2026-05-14,7.98815451316989
2026-05-15,8.141188271825873
2026-05-18,8.735105001847906
2026-05-19,8.556565616749259
2026-05-20,8.487336059262027
2026-05-21,8.105962086779817
2026-05-22,7.984129874616929
2026-05-25,8.1167970118801
2026-05-26,8.143330439332736
2026-05-27,8.050463443248516
2026-05-28,7.917796305985343
2026-05-29,7.928682971269159
2026-06-01,8.100864014644422
2026-06-02,8.137613414279507
2026-06-03,8.137613414279507
2026-06-04,7.95386641610409
2026-06-05,7.981428465830403
2026-06-08,7.868818199263609
2026-06-09,7.924222124597772
2026-06-10,7.8407844112287455
2026-06-11,7.821529554297432
2026-06-12,7.994823266679257
2026-06-15,8.123188979554682
2026-06-16,8.127167674825257
2026-06-17,8.017407982598346
2026-06-18,8.066190501654921
2026-06-22,8.319859600749107
2026-06-23,8.04667749403229
2026-06-24,8.00765147878703
2026-06-25,7.995494875038133
2026-06-26,7.965221171810817
2026-06-29,8.016325438879624
2026-06-30,8.016325438879624
2026-07-01,7.98845038411482
2026-07-02,7.74686657615318
2026-07-03,7.767764040126108
2026-07-06,7.811072747577561
2026-07-07,7.979937183232477
2026-07-08,8.605191985522298
2026-07-09,8.60062808185595
2026-07-10,8.614319792854996
2026-07-13,9.204864282200766
2026-07-14,9.792936943009376
2026-07-15,9.599673445782607
2026-07-16,9.522368046891899
2026-07-17,9.030926582515251
2026-07-20,8.970186626243981
2026-07-21,9.099978525711537
2026-07-22,9.232396728080232
2026-07-23,9.446381371630379
2026-07-24,9.131035581135427
2026-07-27,9.345020224685573
2026-07-28,9.153560280456492
2026-07-29,9.12829545146302
2026-07-30,8.672764529719295
2026-07-31,8.98066338423293
2026-08-03,8.337698129219167
2026-08-04,8.772378865003118
2026-08-05,9.351953179381722
2026-08-06,8.824065121242429
